Workbook

Sheet Thể lệ
A1: GIẢI CẦU LÔNG NỘI BỘ 2026
A2: Hội lông thủ CN1416 · Bộ file điều hành giải
A4: THÔNG TIN GIẢI
B5: Tên giải | C5: Giải cầu lông nội bộ 2026
B6: Đơn vị tổ chức | C6: Hội lông thủ CN1416
B7: Thời gian | C7: Cuối tháng 10/2026 — chưa chốt ngày
B8: Địa điểm | C8: Sân cầu lông Tấn Phúc
B9: Số đội | C9: 4
B10: Số nội dung | C10: 3
B11: Tổng số trận | C11: 24 (18 vòng loại + 6 tranh hạng)
B12: Lệ phí | C12: Đang chốt — BTC công bố sau
B13: Quỹ giải | C13: BTC góp 1.000.000 đ · QR quỹ cập nhật sau
B14: Liên hệ BTC | C14: [Tên] · [Số điện thoại]
B16: THỂ THỨC
B17: 1. Giải chia thành 4 đội. BTC bốc thăm chia đều trình độ, không ai được tự chọn đồng đội.
B18: 2. VÒNG LOẠI: bốn đội đấu xoay tua, mỗi đội gặp cả ba đội còn lại — 6 lượt đấu.
B19: 3. Mỗi lượt gặp nhau đánh 3 nội dung: đôi nam, đôi nữ, đôi nam nữ. Mỗi nội dung đúng 1 trận, 1 séc.
B20: 4. Vòng loại có 18 trận, mỗi đội đánh 9 trận.
B21: 5. VÒNG TRANH HẠNG: đội nhất gặp đội nhì tranh giải Nhất – Nhì; đội ba gặp đội tư tranh giải Ba – Khuyến khích.
B22: 6. Mỗi cặp tranh hạng đánh đủ 3 nội dung. Đội nào thắng 2 trên 3 nội dung là đội thắng.
B23: 7. Đội trưởng được xếp lại cặp đấu theo chiến thuật. Các đội không biết trước cặp của đối thủ — chỉ BTC biết cho tới lúc gọi tên.
B25: LUẬT MỖI SÉC
B26: • Mỗi séc 21 điểm, tính điểm trực tiếp — thắng pha cầu nào ăn điểm pha đó.
B27: • Đổi sân khi một bên đạt 11 điểm. Áp dụng cho tất cả các trận.
B28: • Hoà 20-20 thì đánh tiếp, bên nào hơn 2 điểm trước thì thắng (22-20, 23-21, 24-22).
... B64: Vinh danh — bốn giải, vô địch từng nội dung, lịch sử các mùa.

Sheet VĐV
A1: DANH SÁCH VẬN ĐỘNG VIÊN
A2: Điền vào vùng vàng. Cột Đội và Lệ phí có sẵn danh sách chọn.
A4: TỔNG HỢP NHANH
A5: Tổng VĐV | B5: Nam | C5: Nữ | D5: Đã đóng phí | E5: Chưa đóng | G5: Số người mỗi đội
A6: =COUNTA($B$8:$B$47) -> 1 | B6: =COUNTIF($C$8:$C$47,"Nam") -> 1 | C6: =COUNTIF($C$8:$C$47,"Nữ") -> 0 | D6: =COUNTIF($F$8:$F$47,"Rồi") -> 1 | E6: =COUNTIF($F$8:$F$47,"Chưa") -> 0 | G6: ='Đội hình'!$B$5&": "&COUNTIF($D$8:$D$47,'Đội hình'!$B$5)&" · "&'Đội hình'!$B$6&": "&COUNTIF($D$8:$D$47,'Đội hình'!$B$6)&" · "&'Đội hình'!$B$7&": "&COUNTIF($D$8:$D$47,'Đội hình'!$B$7)&" · "&'Đội hình'!$B$8&": "&COUNTIF($D$8:$D$47,'Đội hình'!$B$8) -> Đội Đỏ: 0 · Đội Xanh: 0 · Đội Vàng: 0 · Đội Trắng: 0
A7: STT | B7: Họ và tên | C7: Giới tính | D7: Đội | E7: Số điện thoại | F7: Lệ phí | G7: Ghi chú
A8: =IF($B8="","",ROW()-7) -> 1 | B8: Nguyễn Văn Ví Dụ | C8: Nam | E8: 0901 234 567 | F8: Rồi | G8: ← dòng ví dụ, xoá đi trước khi dùng
A9: =IF($B9="","",ROW()-7)
A10: =IF($B10="","",ROW()-7)
A11: =IF($B11="","",ROW()-7)
A12: =IF($B12="","",ROW()-7)
A13: =IF($B13="","",ROW()-7)
A14: =IF($B14="","",ROW()-7)
A15: =IF($B15="","",ROW()-7)
A16: =IF($B16="","",ROW()-7)
A17: =IF($B17="","",ROW()-7)
A18: =IF($B18="","",ROW()-7)
A19: =IF($B19="","",ROW()-7)
A20: =IF($B20="","",ROW()-7)
... A47: =IF($B47="","",ROW()-7)

Sheet Đội hình
A1: ĐỘI HÌNH
A2: Đổi tên đội ở B5:B8 là cả file tự đổi theo.
A4: Mã đội | B4: Tên đội | C4: Đội trưởng | D4: Ghi chú
A5: Đội 1 | B5: Đội Đỏ
A6: Đội 2 | B6: Đội Xanh
A7: Đội 3 | B7: Đội Vàng
A8: Đội 4 | B8: Đội Trắng
A10: ĐỘI HÌNH VÒNG LOẠI
A11: Mỗi đội cử 1 cặp cho mỗi nội dung. Nội dung đôi nữ cần tổng cộng 8 nữ (2 người × 4 đội) — nếu không đủ thì bỏ nội dung này hoặc thay bằng nội dung đôi nam thứ hai.
A12: Đội | B12: Nội dung | C12: VĐV 1 | D12: VĐV 2 | E12: Tên cặp (tự tính) | F12: Khoá tra cứu (đừng xoá)
A13: ='Đội hình'!$B$5 -> Đội Đỏ | B13: Đôi nam | E13: =IF(OR($C13="",$D13=""),"",$C13&" / "&$D13) | F13: =$A13&"|"&$B13 -> Đội Đỏ|Đôi nam
A14: ='Đội hình'!$B$5 -> Đội Đỏ | B14: Đôi nữ | E14: =IF(OR($C14="",$D14=""),"",$C14&" / "&$D14) | F14: =$A14&"|"&$B14 -> Đội Đỏ|Đôi nữ
A15: ='Đội hình'!$B$5 -> Đội Đỏ | B15: Đôi nam nữ | E15: =IF(OR($C15="",$D15=""),"",$C15&" / "&$D15) | F15: =$A15&"|"&$B15 -> Đội Đỏ|Đôi nam nữ
A16: ='Đội hình'!$B$6 -> Đội Xanh | B16: Đôi nam | E16: =IF(OR($C16="",$D16=""),"",$C16&" / "&$D16) | F16: =$A16&"|"&$B16 -> Đội Xanh|Đôi nam
A17: ='Đội hình'!$B$6 -> Đội Xanh | B17: Đôi nữ | E17: =IF(OR($C17="",$D17=""),"",$C17&" / "&$D17) | F17: =$A17&"|"&$B17 -> Đội Xanh|Đôi nữ
A18: ='Đội hình'!$B$6 -> Đội Xanh | B18: Đôi nam nữ | E18: =IF(OR($C18="",$D18=""),"",$C18&" / "&$D18) | F18: =$A18&"|"&$B18 -> Đội Xanh|Đôi nam nữ
A19: ='Đội hình'!$B$7 -> Đội Vàng | B19: Đôi nam | E19: =IF(OR($C19="",$D19=""),"",$C19&" / "&$D19) | F19: =$A19&"|"&$B19 -> Đội Vàng|Đôi nam
A20: ='Đội hình'!$B$7 -> Đội Vàng | B20: Đôi nữ | E20: =IF(OR($C20="",$D20=""),"",$C20&" / "&$D20) | F20: =$A20&"|"&$B20 -> Đội Vàng|Đôi nữ
A21: ='Đội hình'!$B$7 -> Đội Vàng | B21: Đôi nam nữ | E21: =IF(OR($C21="",$D21=""),"",$C21&" / "&$D21) | F21: =$A21&"|"&$B21 -> Đội Vàng|Đôi nam nữ
A22: ='Đội hình'!$B$8 -> Đội Trắng | B22: Đôi nam | E22: =IF(OR($C22="",$D22=""),"",$C22&" / "&$D22) | F22: =$A22&"|"&$B22 -> Đội Trắng|Đôi nam
A23: ='Đội hình'!$B$8 -> Đội Trắng | B23: Đôi nữ | E23: =IF(OR($C23="",$D23=""),"",$C23&" / "&$D23) | F23: =$A23&"|"&$B23 -> Đội Trắng|Đôi nữ
A24: ='Đội hình'!$B$8 -> Đội Trắng | B24: Đôi nam nữ | E24: =IF(OR($C24="",$D24=""),"",$C24&" / "&$D24) | F24: =$A24&"|"&$B24 -> Đội Trắng|Đôi nam nữ
A26: ĐỘI HÌNH VÒNG TRANH HẠNG
A27: Đội trưởng được xếp lại cặp theo chiến thuật. Chỉ BTC giữ bảng này — không công bố cho tới lúc gọi tên. Để trống thì mặc định dùng lại đội hình vòng loại.
A28: Đội | B28: Nội dung | C28: VĐV 1 | D28: VĐV 2 | E28: Tên cặp (tự tính) | F28: Khoá tra cứu (đừng xoá)
A29: ='Đội hình'!$B$5 -> Đội Đỏ | B29: Đôi nam | E29: =IF(OR($C29="",$D29=""),"",$C29&" / "&$D29) | F29: =$A29&"|"&$B29 -> Đội Đỏ|Đôi nam
A30: ='Đội hình'!$B$5 -> Đội Đỏ | B30: Đôi nữ | E30: =IF(OR($C30="",$D30=""),"",$C30&" / "&$D30) | F30: =$A30&"|"&$B30 -> Đội Đỏ|Đôi nữ
A31: ='Đội hình'!$B$5 -> Đội Đỏ | B31: Đôi nam nữ | E31: =IF(OR($C31="",$D31=""),"",$C31&" / "&$D31) | F31: =$A31&"|"&$B31 -> Đội Đỏ|Đôi nam nữ
A32: ='Đội hình'!$B$6 -> Đội Xanh | B32: Đôi nam | E32: =IF(OR($C32="",$D32=""),"",$C32&" / "&$D32) | F32: =$A32&"|"&$B32 -> Đội Xanh|Đôi nam
A33: ='Đội hình'!$B$6 -> Đội Xanh | B33: Đôi nữ | E33: =IF(OR($C33="",$D33=""),"",$C33&" / "&$D33) | F33: =$A33&"|"&$B33 -> Đội Xanh|Đôi nữ
A34: ='Đội hình'!$B$6 -> Đội Xanh | B34: Đôi nam nữ | E34: =IF(OR($C34="",$D34=""),"",$C34&" / "&$D34) | F34: =$A34&"|"&$B34 -> Đội Xanh|Đôi nam nữ
A35: ='Đội hình'!$B$7 -> Đội Vàng | B35: Đôi nam | E35: =IF(OR($C35="",$D35=""),"",$C35&" / "&$D35) | F35: =$A35&"|"&$B35 -> Đội Vàng|Đôi nam
A36: ='Đội hình'!$B$7 -> Đội Vàng | B36: Đôi nữ | E36: =IF(OR($C36="",$D36=""),"",$C36&" / "&$D36) | F36: =$A36&"|"&$B36 -> Đội Vàng|Đôi nữ
A37: ='Đội hình'!$B$7 -> Đội Vàng | B37: Đôi nam nữ | E37: =IF(OR($C37="",$D37=""),"",$C37&" / "&$D37) | F37: =$A37&"|"&$B37 -> Đội Vàng|Đôi nam nữ
A38: ='Đội hình'!$B$8 -> Đội Trắng | B38: Đôi nam | E38: =IF(OR($C38="",$D38=""),"",$C38&" / "&$D38) | F38: =$A38&"|"&$B38 -> Đội Trắng|Đôi nam
A39: ='Đội hình'!$B$8 -> Đội Trắng | B39: Đôi nữ | E39: =IF(OR($C39="",$D39=""),"",$C39&" / "&$D39) | F39: =$A39&"|"&$B39 -> Đội Trắng|Đôi nữ
A40: ='Đội hình'!$B$8 -> Đội Trắng | B40: Đôi nam nữ | E40: =IF(OR($C40="",$D40=""),"",$C40&" / "&$D40) | F40: =$A40&"|"&$B40 -> Đội Trắng|Đôi nam nữ

Sheet Vòng loại
A1: VÒNG LOẠI — 18 TRẬN
A2: Mỗi nội dung đúng 1 séc. Chỉ nhập 2 ô điểm.
A4: ⚠ Lượt 1 đang có TỈ SỐ MẪU để bạn thấy file chạy thế nào. Xoá vùng H6:I8 trước khi dùng thật.
A5: TT | B5: Lượt | C5: Đội A | D5: Đội B | E5: Nội dung | F5: Cặp đội A | G5: Cặp đội B | H5: Điểm A | I5: Điểm B | J5: Đội thắng | K5: Kiểm tra
A6: 1 | B6: 1 | C6: ='Đội hình'!$B$5 -> Đội Đỏ | D6: ='Đội hình'!$B$6 -> Đội Xanh | E6: Đôi nam | F6: =IFERROR(INDEX('Đội hình'!$E$13:$E$24,MATCH($C6&"|"&$E6,'Đội hình'!$F$13:$F$24,0))&"","") | G6: =IFERROR(INDEX('Đội hình'!$E$13:$E$24,MATCH($D6&"|"&$E6,'Đội hình'!$F$13:$F$24,0))&"","") | H6: 21 | I6: 18 | J6: =IF(OR($H6="",$I6=""),"",IF($H6>$I6,$C6,IF($I6>$H6,$D6,"⚠ hoà"))) -> Đội Đỏ | K6: =IF(OR($H6="",$I6=""),"",IF(OR(AND(MAX($H6,$I6)=21,MIN($H6,$I6)<=19),AND(MAX($H6,$I6)>=22,MAX($H6,$I6)<=24,MAX($H6,$I6)-MIN($H6,$I6)=2),AND(MAX($H6,$I6)=25,MIN($H6,$I6)=24)),"✓","⚠ sai luật")) -> ✓
A7: 2 | B7: 1 | C7: ='Đội hình'!$B$5 -> Đội Đỏ | D7: ='Đội hình'!$B$6 -> Đội Xanh | E7: Đôi nữ | F7: =IFERROR(INDEX('Đội hình'!$E$13:$E$24,MATCH($C7&"|"&$E7,'Đội hình'!$F$13:$F$24,0))&"","") | G7: =IFERROR(INDEX('Đội hình'!$E$13:$E$24,MATCH($D7&"|"&$E7,'Đội hình'!$F$13:$F$24,0))&"","") | H7: 19 | I7: 21 | J7: =IF(OR($H7="",$I7=""),"",IF($H7>$I7,$C7,IF($I7>$H7,$D7,"⚠ hoà"))) -> Đội Xanh | K7: =IF(OR($H7="",$I7=""),"",IF(OR(AND(MAX($H7,$I7)=21,MIN($H7,$I7)<=19),AND(MAX($H7,$I7)>=22,MAX($H7,$I7)<=24,MAX($H7,$I7)-MIN($H7,$I7)=2),AND(MAX($H7,$I7)=25,MIN($H7,$I7)=24)),"✓","⚠ sai luật")) -> ✓
A8: 3 | B8: 1 | C8: ='Đội hình'!$B$5 -> Đội Đỏ | D8: ='Đội hình'!$B$6 -> Đội Xanh | E8: Đôi nam nữ | F8: =IFERROR(INDEX('Đội hình'!$E$13:$E$24,MATCH($C8&"|"&$E8,'Đội hình'!$F$13:$F$24,0))&"","") | G8: =IFERROR(INDEX('Đội hình'!$E$13:$E$24,MATCH($D8&"|"&$E8,'Đội hình'!$F$13:$F$24,0))&"","") | H8: 25 | I8: 24 | J8: =IF(OR($H8="",$I8=""),"",IF($H8>$I8,$C8,IF($I8>$H8,$D8,"⚠ hoà"))) -> Đội Đỏ | K8: =IF(OR($H8="",$I8=""),"",IF(OR(AND(MAX($H8,$I8)=21,MIN($H8,$I8)<=19),AND(MAX($H8,$I8)>=22,MAX($H8,$I8)<=24,MAX($H8,$I8)-MIN($H8,$I8)=2),AND(MAX($H8,$I8)=25,MIN($H8,$I8)=24)),"✓","⚠ sai luật")) -> ✓
A9: 4 | B9: 2 | C9: ='Đội hình'!$B$7 -> Đội Vàng | D9: ='Đội hình'!$B$8 -> Đội Trắng | E9: Đôi nam | F9: =IFERROR(INDEX('Đội hình'!$E$13:$E$24,MATCH($C9&"|"&$E9,'Đội hình'!$F$13:$F$24,0))&"","") | G9: =IFERROR(INDEX('Đội hình'!$E$13:$E$24,MATCH($D9&"|"&$E9,'Đội hình'!$F$13:$F$24,0))&"","") | J9: =IF(OR($H9="",$I9=""),"",IF($H9>$I9,$C9,IF($I9>$H9,$D9,"⚠ hoà"))) | K9: =IF(OR($H9="",$I9=""),"",IF(OR(AND(MAX($H9,$I9)=21,MIN($H9,$I9)<=19),AND(MAX($H9,$I9)>=22,MAX($H9,$I9)<=24,MAX($H9,$I9)-MIN($H9,$I9)=2),AND(MAX($H9,$I9)=25,MIN($H9,$I9)=24)),"✓","⚠ sai luật"))
A10: 5 | B10: 2 | C10: ='Đội hình'!$B$7 -> Đội Vàng | D10: ='Đội hình'!$B$8 -> Đội Trắng | E10: Đôi nữ | F10: =IFERROR(INDEX('Đội hình'!$E$13:$E$24,MATCH($C10&"|"&$E10,'Đội hình'!$F$13:$F$24,0))&"","") | G10: =IFERROR(INDEX('Đội hình'!$E$13:$E$24,MATCH($D10&"|"&$E10,'Đội hình'!$F$13:$F$24,0))&"","") | J10: =IF(OR($H10="",$I10=""),"",IF($H10>$I10,$C10,IF($I10>$H10,$D10,"⚠ hoà"))) | K10: =IF(OR($H10="",$I10=""),"",IF(OR(AND(MAX($H10,$I10)=21,MIN($H10,$I10)<=19),AND(MAX($H10,$I10)>=22,MAX($H10,$I10)<=24,MAX($H10,$I10)-MIN($H10,$I10)=2),AND(MAX($H10,$I10)=25,MIN($H10,$I10)=24)),"✓","⚠ sai luật"))
A11: 6 | B11: 2 | C11: ='Đội hình'!$B$7 -> Đội Vàng | D11: ='Đội hình'!$B$8 -> Đội Trắng | E11: Đôi nam nữ | F11: =IFERROR(INDEX('Đội hình'!$E$13:$E$24,MATCH($C11&"|"&$E11,'Đội hình'!$F$13:$F$24,0))&"","") | G11: =IFERROR(INDEX('Đội hình'!$E$13:$E$24,MATCH($D11&"|"&$E11,'Đội hình'!$F$13:$F$24,0))&"","") | J11: =IF(OR($H11="",$I11=""),"",IF($H11>$I11,$C11,IF($I11>$H11,$D11,"⚠ hoà"))) | K11: =IF(OR($H11="",$I11=""),"",IF(OR(AND(MAX($H11,$I11)=21,MIN($H11,$I11)<=19),AND(MAX($H11,$I11)>=22,MAX($H11,$I11)<=24,MAX($H11,$I11)-MIN($H11,$I11)=2),AND(MAX($H11,$I11)=25,MIN($H11,$I11)=24)),"✓","⚠ sai luật"))
A12: 7 | B12: 3 | C12: ='Đội hình'!$B$5 -> Đội Đỏ | D12: ='Đội hình'!$B$7 -> Đội Vàng | E12: Đôi nam | F12: =IFERROR(INDEX('Đội hình'!$E$13:$E$24,MATCH($C12&"|"&$E12,'Đội hình'!$F$13:$F$24,0))&"","") | G12: =IFERROR(INDEX('Đội hình'!$E$13:$E$24,MATCH($D12&"|"&$E12,'Đội hình'!$F$13:$F$24,0))&"","") | J12: =IF(OR($H12="",$I12=""),"",IF($H12>$I12,$C12,IF($I12>$H12,$D12,"⚠ hoà"))) | K12: =IF(OR($H12="",$I12=""),"",IF(OR(AND(MAX($H12,$I12)=21,MIN($H12,$I12)<=19),AND(MAX($H12,$I12)>=22,MAX($H12,$I12)<=24,MAX($H12,$I12)-MIN($H12,$I12)=2),AND(MAX($H12,$I12)=25,MIN($H12,$I12)=24)),"✓","⚠ sai luật"))
A13: 8 | B13: 3 | C13: ='Đội hình'!$B$5 -> Đội Đỏ | D13: ='Đội hình'!$B$7 -> Đội Vàng | E13: Đôi nữ | F13: =IFERROR(INDEX('Đội hình'!$E$13:$E$24,MATCH($C13&"|"&$E13,'Đội hình'!$F$13:$F$24,0))&"","") | G13: =IFERROR(INDEX('Đội hình'!$E$13:$E$24,MATCH($D13&"|"&$E13,'Đội hình'!$F$13:$F$24,0))&"","") | J13: =IF(OR($H13="",$I13=""),"",IF($H13>$I13,$C13,IF($I13>$H13,$D13,"⚠ hoà"))) | K13: =IF(OR($H13="",$I13=""),"",IF(OR(AND(MAX($H13,$I13)=21,MIN($H13,$I13)<=19),AND(MAX($H13,$I13)>=22,MAX($H13,$I13)<=24,MAX($H13,$I13)-MIN($H13,$I13)=2),AND(MAX($H13,$I13)=25,MIN($H13,$I13)=24)),"✓","⚠ sai luật"))
A14: 9 | B14: 3 | C14: ='Đội hình'!$B$5 -> Đội Đỏ | D14: ='Đội hình'!$B$7 -> Đội Vàng | E14: Đôi nam nữ | F14: =IFERROR(INDEX('Đội hình'!$E$13:$E$24,MATCH($C14&"|"&$E14,'Đội hình'!$F$13:$F$24,0))&"","") | G14: =IFERROR(INDEX('Đội hình'!$E$13:$E$24,MATCH($D14&"|"&$E14,'Đội hình'!$F$13:$F$24,0))&"","") | J14: =IF(OR($H14="",$I14=""),"",IF($H14>$I14,$C14,IF($I14>$H14,$D14,"⚠ hoà"))) | K14: =IF(OR($H14="",$I14=""),"",IF(OR(AND(MAX($H14,$I14)=21,MIN($H14,$I14)<=19),AND(MAX($H14,$I14)>=22,MAX($H14,$I14)<=24,MAX($H14,$I14)-MIN($H14,$I14)=2),AND(MAX($H14,$I14)=25,MIN($H14,$I14)=24)),"✓","⚠ sai luật"))
A15: 10 | B15: 4 | C15: ='Đội hình'!$B$6 -> Đội Xanh | D15: ='Đội hình'!$B$8 -> Đội Trắng | E15: Đôi nam | F15: =IFERROR(INDEX('Đội hình'!$E$13:$E$24,MATCH($C15&"|"&$E15,'Đội hình'!$F$13:$F$24,0))&"","") | G15: =IFERROR(INDEX('Đội hình'!$E$13:$E$24,MATCH($D15&"|"&$E15,'Đội hình'!$F$13:$F$24,0))&"","") | J15: =IF(OR($H15="",$I15=""),"",IF($H15>$I15,$C15,IF($I15>$H15,$D15,"⚠ hoà"))) | K15: =IF(OR($H15="",$I15=""),"",IF(OR(AND(MAX($H15,$I15)=21,MIN($H15,$I15)<=19),AND(MAX($H15,$I15)>=22,MAX($H15,$I15)<=24,MAX($H15,$I15)-MIN($H15,$I15)=2),AND(MAX($H15,$I15)=25,MIN($H15,$I15)=24)),"✓","⚠ sai luật"))
A16: 11 | B16: 4 | C16: ='Đội hình'!$B$6 -> Đội Xanh | D16: ='Đội hình'!$B$8 -> Đội Trắng | E16: Đôi nữ | F16: =IFERROR(INDEX('Đội hình'!$E$13:$E$24,MATCH($C16&"|"&$E16,'Đội hình'!$F$13:$F$24,0))&"","") | G16: =IFERROR(INDEX('Đội hình'!$E$13:$E$24,MATCH($D16&"|"&$E16,'Đội hình'!$F$13:$F$24,0))&"","") | J16: =IF(OR($H16="",$I16=""),"",IF($H16>$I16,$C16,IF($I16>$H16,$D16,"⚠ hoà"))) | K16: =IF(OR($H16="",$I16=""),"",IF(OR(AND(MAX($H16,$I16)=21,MIN($H16,$I16)<=19),AND(MAX($H16,$I16)>=22,MAX($H16,$I16)<=24,MAX($H16,$I16)-MIN($H16,$I16)=2),AND(MAX($H16,$I16)=25,MIN($H16,$I16)=24)),"✓","⚠ sai luật"))
A17: 12 | B17: 4 | C17: ='Đội hình'!$B$6 -> Đội Xanh | D17: ='Đội hình'!$B$8 -> Đội Trắng | E17: Đôi nam nữ | F17: =IFERROR(INDEX('Đội hình'!$E$13:$E$24,MATCH($C17&"|"&$E17,'Đội hình'!$F$13:$F$24,0))&"","") | G17: =IFERROR(INDEX('Đội hình'!$E$13:$E$24,MATCH($D17&"|"&$E17,'Đội hình'!$F$13:$F$24,0))&"","") | J17: =IF(OR($H17="",$I17=""),"",IF($H17>$I17,$C17,IF($I17>$H17,$D17,"⚠ hoà"))) | K17: =IF(OR($H17="",$I17=""),"",IF(OR(AND(MAX($H17,$I17)=21,MIN($H17,$I17)<=19),AND(MAX($H17,$I17)>=22,MAX($H17,$I17)<=24,MAX($H17,$I17)-MIN($H17,$I17)=2),AND(MAX($H17,$I17)=25,MIN($H17,$I17)=24)),"✓","⚠ sai luật"))
A18: 13 | B18: 5 | C18: ='Đội hình'!$B$5 -> Đội Đỏ | D18: ='Đội hình'!$B$8 -> Đội Trắng | E18: Đôi nam | F18: =IFERROR(INDEX('Đội hình'!$E$13:$E$24,MATCH($C18&"|"&$E18,'Đội hình'!$F$13:$F$24,0))&"","") | G18: =IFERROR(INDEX('Đội hình'!$E$13:$E$24,MATCH($D18&"|"&$E18,'Đội hình'!$F$13:$F$24,0))&"","") | J18: =IF(OR($H18="",$I18=""),"",IF($H18>$I18,$C18,IF($I18>$H18,$D18,"⚠ hoà"))) | K18: =IF(OR($H18="",$I18=""),"",IF(OR(AND(MAX($H18,$I18)=21,MIN($H18,$I18)<=19),AND(MAX($H18,$I18)>=22,MAX($H18,$I18)<=24,MAX($H18,$I18)-MIN($H18,$I18)=2),AND(MAX($H18,$I18)=25,MIN($H18,$I18)=24)),"✓","⚠ sai luật"))
A19: 14 | B19: 5 | C19: ='Đội hình'!$B$5 -> Đội Đỏ | D19: ='Đội hình'!$B$8 -> Đội Trắng | E19: Đôi nữ | F19: =IFERROR(INDEX('Đội hình'!$E$13:$E$24,MATCH($C19&"|"&$E19,'Đội hình'!$F$13:$F$24,0))&"","") | G19: =IFERROR(INDEX('Đội hình'!$E$13:$E$24,MATCH($D19&"|"&$E19,'Đội hình'!$F$13:$F$24,0))&"","") | J19: =IF(OR($H19="",$I19=""),"",IF($H19>$I19,$C19,IF($I19>$H19,$D19,"⚠ hoà"))) | K19: =IF(OR($H19="",$I19=""),"",IF(OR(AND(MAX($H19,$I19)=21,MIN($H19,$I19)<=19),AND(MAX($H19,$I19)>=22,MAX($H19,$I19)<=24,MAX($H19,$I19)-MIN($H19,$I19)=2),AND(MAX($H19,$I19)=25,MIN($H19,$I19)=24)),"✓","⚠ sai luật"))
A20: 15 | B20: 5 | C20: ='Đội hình'!$B$5 -> Đội Đỏ | D20: ='Đội hình'!$B$8 -> Đội Trắng | E20: Đôi nam nữ | F20: =IFERROR(INDEX('Đội hình'!$E$13:$E$24,MATCH($C20&"|"&$E20,'Đội hình'!$F$13:$F$24,0))&"","") | G20: =IFERROR(INDEX('Đội hình'!$E$13:$E$24,MATCH($D20&"|"&$E20,'Đội hình'!$F$13:$F$24,0))&"","") | J20: =IF(OR($H20="",$I20=""),"",IF($H20>$I20,$C20,IF($I20>$H20,$D20,"⚠ hoà"))) | K20: =IF(OR($H20="",$I20=""),"",IF(OR(AND(MAX($H20,$I20)=21,MIN($H20,$I20)<=19),AND(MAX($H20,$I20)>=22,MAX($H20,$I20)<=24,MAX($H20,$I20)-MIN($H20,$I20)=2),AND(MAX($H20,$I20)=25,MIN($H20,$I20)=24)),"✓","⚠ sai luật"))
A21: 16 | B21: 6 | C21: ='Đội hình'!$B$6 -> Đội Xanh | D21: ='Đội hình'!$B$7 -> Đội Vàng | E21: Đôi nam | F21: =IFERROR(INDEX('Đội hình'!$E$13:$E$24,MATCH($C21&"|"&$E21,'Đội hình'!$F$13:$F$24,0))&"","") | G21: =IFERROR(INDEX('Đội hình'!$E$13:$E$24,MATCH($D21&"|"&$E21,'Đội hình'!$F$13:$F$24,0))&"","") | J21: =IF(OR($H21="",$I21=""),"",IF($H21>$I21,$C21,IF($I21>$H21,$D21,"⚠ hoà"))) | K21: =IF(OR($H21="",$I21=""),"",IF(OR(AND(MAX($H21,$I21)=21,MIN($H21,$I21)<=19),AND(MAX($H21,$I21)>=22,MAX($H21,$I21)<=24,MAX($H21,$I21)-MIN($H21,$I21)=2),AND(MAX($H21,$I21)=25,MIN($H21,$I21)=24)),"✓","⚠ sai luật"))
A22: 17 | B22: 6 | C22: ='Đội hình'!$B$6 -> Đội Xanh | D22: ='Đội hình'!$B$7 -> Đội Vàng | E22: Đôi nữ | F22: =IFERROR(INDEX('Đội hình'!$E$13:$E$24,MATCH($C22&"|"&$E22,'Đội hình'!$F$13:$F$24,0))&"","") | G22: =IFERROR(INDEX('Đội hình'!$E$13:$E$24,MATCH($D22&"|"&$E22,'Đội hình'!$F$13:$F$24,0))&"","") | J22: =IF(OR($H22="",$I22=""),"",IF($H22>$I22,$C22,IF($I22>$H22,$D22,"⚠ hoà"))) | K22: =IF(OR($H22="",$I22=""),"",IF(OR(AND(MAX($H22,$I22)=21,MIN($H22,$I22)<=19),AND(MAX($H22,$I22)>=22,MAX($H22,$I22)<=24,MAX($H22,$I22)-MIN($H22,$I22)=2),AND(MAX($H22,$I22)=25,MIN($H22,$I22)=24)),"✓","⚠ sai luật"))
A23: 18 | B23: 6 | C23: ='Đội hình'!$B$6 -> Đội Xanh | D23: ='Đội hình'!$B$7 -> Đội Vàng | E23: Đôi nam nữ | F23: =IFERROR(INDEX('Đội hình'!$E$13:$E$24,MATCH($C23&"|"&$E23,'Đội hình'!$F$13:$F$24,0))&"","") | G23: =IFERROR(INDEX('Đội hình'!$E$13:$E$24,MATCH($D23&"|"&$E23,'Đội hình'!$F$13:$F$24,0))&"","") | J23: =IF(OR($H23="",$I23=""),"",IF($H23>$I23,$C23,IF($I23>$H23,$D23,"⚠ hoà"))) | K23: =IF(OR($H23="",$I23=""),"",IF(OR(AND(MAX($H23,$I23)=21,MIN($H23,$I23)<=19),AND(MAX($H23,$I23)>=22,MAX($H23,$I23)<=24,MAX($H23,$I23)-MIN($H23,$I23)=2),AND(MAX($H23,$I23)=25,MIN($H23,$I23)=24)),"✓","⚠ sai luật"))

Sheet BXH
A1: BẢNG XẾP HẠNG SAU VÒNG LOẠI
A2: Xếp theo TỔNG ĐIỂM GHI ĐƯỢC. Bằng điểm mới xét số trận thắng → hiệu số điểm → đối đầu.
A4: Hạng | B4: Đội | C4: Trận | D4: Thắng | E4: Thua | F4: Tổng điểm ghi | G4: Điểm để thua | H4: Hiệu số điểm | I4: Cộng tay | J4: Chỉ số xếp hạng | K4: Vào vòng tranh hạng
A5: =IF($C5=0,"",RANK($J5,$J$5:$J$8,0)) -> 1 | B5: ='Đội hình'!$B$5 -> Đội Đỏ | C5: =SUMPRODUCT((('Vòng loại'!$C$6:$C$23=$B5)+('Vòng loại'!$D$6:$D$23=$B5))*('Vòng loại'!$H$6:$H$23<>"")*('Vòng loại'!$I$6:$I$23<>"")) -> 3 | D5: =COUNTIF('Vòng loại'!$J$6:$J$23,$B5) -> 2 | E5: =$C5-$D5 -> 1 | F5: =SUMPRODUCT(('Vòng loại'!$C$6:$C$23=$B5)*'Vòng loại'!$H$6:$H$23)+SUMPRODUCT(('Vòng loại'!$D$6:$D$23=$B5)*'Vòng loại'!$I$6:$I$23) -> 65 | G5: =SUMPRODUCT(('Vòng loại'!$C$6:$C$23=$B5)*'Vòng loại'!$I$6:$I$23)+SUMPRODUCT(('Vòng loại'!$D$6:$D$23=$B5)*'Vòng loại'!$H$6:$H$23) -> 63 | H5: =$F5-$G5 -> 2 | I5: 0 | J5: =$F5*1000000+$D5*10000+($H5+500)+$I5 -> 65020502 | K5: =IF($A5="","",IF($A5<=2,"Tranh hạng Nhất – Nhì","Tranh hạng Ba – Khuyến khích")) -> Tranh hạng Nhất – Nhì
A6: =IF($C6=0,"",RANK($J6,$J$5:$J$8,0)) -> 2 | B6: ='Đội hình'!$B$6 -> Đội Xanh | C6: =SUMPRODUCT((('Vòng loại'!$C$6:$C$23=$B6)+('Vòng loại'!$D$6:$D$23=$B6))*('Vòng loại'!$H$6:$H$23<>"")*('Vòng loại'!$I$6:$I$23<>"")) -> 3 | D6: =COUNTIF('Vòng loại'!$J$6:$J$23,$B6) -> 1 | E6: =$C6-$D6 -> 2 | F6: =SUMPRODUCT(('Vòng loại'!$C$6:$C$23=$B6)*'Vòng loại'!$H$6:$H$23)+SUMPRODUCT(('Vòng loại'!$D$6:$D$23=$B6)*'Vòng loại'!$I$6:$I$23) -> 63 | G6: =SUMPRODUCT(('Vòng loại'!$C$6:$C$23=$B6)*'Vòng loại'!$I$6:$I$23)+SUMPRODUCT(('Vòng loại'!$D$6:$D$23=$B6)*'Vòng loại'!$H$6:$H$23) -> 65 | H6: =$F6-$G6 -> -2 | I6: 0 | J6: =$F6*1000000+$D6*10000+($H6+500)+$I6 -> 63010498 | K6: =IF($A6="","",IF($A6<=2,"Tranh hạng Nhất – Nhì","Tranh hạng Ba – Khuyến khích")) -> Tranh hạng Nhất – Nhì
A7: =IF($C7=0,"",RANK($J7,$J$5:$J$8,0)) | B7: ='Đội hình'!$B$7 -> Đội Vàng | C7: =SUMPRODUCT((('Vòng loại'!$C$6:$C$23=$B7)+('Vòng loại'!$D$6:$D$23=$B7))*('Vòng loại'!$H$6:$H$23<>"")*('Vòng loại'!$I$6:$I$23<>"")) -> 0 | D7: =COUNTIF('Vòng loại'!$J$6:$J$23,$B7) -> 0 | E7: =$C7-$D7 -> 0 | F7: =SUMPRODUCT(('Vòng loại'!$C$6:$C$23=$B7)*'Vòng loại'!$H$6:$H$23)+SUMPRODUCT(('Vòng loại'!$D$6:$D$23=$B7)*'Vòng loại'!$I$6:$I$23) -> 0 | G7: =SUMPRODUCT(('Vòng loại'!$C$6:$C$23=$B7)*'Vòng loại'!$I$6:$I$23)+SUMPRODUCT(('Vòng loại'!$D$6:$D$23=$B7)*'Vòng loại'!$H$6:$H$23) -> 0 | H7: =$F7-$G7 -> 0 | I7: 0 | J7: =$F7*1000000+$D7*10000+($H7+500)+$I7 -> 500 | K7: =IF($A7="","",IF($A7<=2,"Tranh hạng Nhất – Nhì","Tranh hạng Ba – Khuyến khích"))
A8: =IF($C8=0,"",RANK($J8,$J$5:$J$8,0)) | B8: ='Đội hình'!$B$8 -> Đội Trắng | C8: =SUMPRODUCT((('Vòng loại'!$C$6:$C$23=$B8)+('Vòng loại'!$D$6:$D$23=$B8))*('Vòng loại'!$H$6:$H$23<>"")*('Vòng loại'!$I$6:$I$23<>"")) -> 0 | D8: =COUNTIF('Vòng loại'!$J$6:$J$23,$B8) -> 0 | E8: =$C8-$D8 -> 0 | F8: =SUMPRODUCT(('Vòng loại'!$C$6:$C$23=$B8)*'Vòng loại'!$H$6:$H$23)+SUMPRODUCT(('Vòng loại'!$D$6:$D$23=$B8)*'Vòng loại'!$I$6:$I$23) -> 0 | G8: =SUMPRODUCT(('Vòng loại'!$C$6:$C$23=$B8)*'Vòng loại'!$I$6:$I$23)+SUMPRODUCT(('Vòng loại'!$D$6:$D$23=$B8)*'Vòng loại'!$H$6:$H$23) -> 0 | H8: =$F8-$G8 -> 0 | I8: 0 | J8: =$F8*1000000+$D8*10000+($H8+500)+$I8 -> 500 | K8: =IF($A8="","",IF($A8<=2,"Tranh hạng Nhất – Nhì","Tranh hạng Ba – Khuyến khích"))
A10: Tiêu chí chính là TỔNG ĐIỂM GHI. Bằng điểm mới xét số trận thắng, rồi hiệu số điểm. Nếu vẫn bằng nhau tuyệt đối thì BTC xét đối đầu trực tiếp và gõ 1 vào ô “Cộng tay” của đội được xếp trên (ô vàng, mặc định 0). Cột “Chỉ số xếp hạng” gộp cả bốn thứ lại — đừng xoá.

Sheet Tranh hạng
A1: VÒNG TRANH HẠNG — 6 TRẬN
A2: Thắng 2 trên 3 nội dung là thắng. Cặp đấu lấy từ sheet Đội hình (khối tranh hạng).
A4: TRANH HẠNG NHẤT – NHÌ
A5: Nhất vòng loại | B5: =IFERROR(INDEX(BXH!$B$5:$B$8,MATCH(1,BXH!$A$5:$A$8,0)),"— chưa có kết quả") -> Đội Đỏ | D5: Nhì vòng loại | E5: =IFERROR(INDEX(BXH!$B$5:$B$8,MATCH(2,BXH!$A$5:$A$8,0)),"— chưa có kết quả") -> Đội Xanh
A6: Nội dung | B6: Cặp đội trên | C6: Cặp đội dưới | D6: Điểm A | E6: Điểm B | F6: Đội thắng | G6: Kiểm tra
A7: Đôi nam | B7: =IFERROR(INDEX('Đội hình'!$E$29:$E$40,MATCH($B$5&"|"&$A7,'Đội hình'!$F$29:$F$40,0))&"","") | C7: =IFERROR(INDEX('Đội hình'!$E$29:$E$40,MATCH($E$5&"|"&$A7,'Đội hình'!$F$29:$F$40,0))&"","") | F7: =IF(OR($D7="",$E7=""),"",IF($D7>$E7,$B$5,IF($E7>$D7,$E$5,"⚠ hoà"))) | G7: =IF(OR($D7="",$E7=""),"",IF(OR(AND(MAX($D7,$E7)=21,MIN($D7,$E7)<=19),AND(MAX($D7,$E7)>=22,MAX($D7,$E7)<=24,MAX($D7,$E7)-MIN($D7,$E7)=2),AND(MAX($D7,$E7)=25,MIN($D7,$E7)=24)),"✓","⚠ sai luật"))
A8: Đôi nữ | B8: =IFERROR(INDEX('Đội hình'!$E$29:$E$40,MATCH($B$5&"|"&$A8,'Đội hình'!$F$29:$F$40,0))&"","") | C8: =IFERROR(INDEX('Đội hình'!$E$29:$E$40,MATCH($E$5&"|"&$A8,'Đội hình'!$F$29:$F$40,0))&"","") | F8: =IF(OR($D8="",$E8=""),"",IF($D8>$E8,$B$5,IF($E8>$D8,$E$5,"⚠ hoà"))) | G8: =IF(OR($D8="",$E8=""),"",IF(OR(AND(MAX($D8,$E8)=21,MIN($D8,$E8)<=19),AND(MAX($D8,$E8)>=22,MAX($D8,$E8)<=24,MAX($D8,$E8)-MIN($D8,$E8)=2),AND(MAX($D8,$E8)=25,MIN($D8,$E8)=24)),"✓","⚠ sai luật"))
A9: Đôi nam nữ | B9: =IFERROR(INDEX('Đội hình'!$E$29:$E$40,MATCH($B$5&"|"&$A9,'Đội hình'!$F$29:$F$40,0))&"","") | C9: =IFERROR(INDEX('Đội hình'!$E$29:$E$40,MATCH($E$5&"|"&$A9,'Đội hình'!$F$29:$F$40,0))&"","") | F9: =IF(OR($D9="",$E9=""),"",IF($D9>$E9,$B$5,IF($E9>$D9,$E$5,"⚠ hoà"))) | G9: =IF(OR($D9="",$E9=""),"",IF(OR(AND(MAX($D9,$E9)=21,MIN($D9,$E9)<=19),AND(MAX($D9,$E9)>=22,MAX($D9,$E9)<=24,MAX($D9,$E9)-MIN($D9,$E9)=2),AND(MAX($D9,$E9)=25,MIN($D9,$E9)=24)),"✓","⚠ sai luật"))
A10: → GIẢI NHẤT | B10: =IF(COUNTIF($F$7:$F$9,$B$5)>=2,$B$5,IF(COUNTIF($F$7:$F$9,$E$5)>=2,$E$5,"— chưa đủ 2/3 nội dung")) -> — chưa đủ 2/3 nội dung
A11: → GIẢI NHÌ | B11: =IF(COUNTIF($F$7:$F$9,$B$5)>=2,$E$5,IF(COUNTIF($F$7:$F$9,$E$5)>=2,$B$5,"— chưa đủ 2/3 nội dung")) -> — chưa đủ 2/3 nội dung
A13: TRANH HẠNG BA – KHUYẾN KHÍCH
A14: Ba vòng loại | B14: =IFERROR(INDEX(BXH!$B$5:$B$8,MATCH(3,BXH!$A$5:$A$8,0)),"— chưa có kết quả") -> — chưa có kết quả | D14: Tư vòng loại | E14: =IFERROR(INDEX(BXH!$B$5:$B$8,MATCH(4,BXH!$A$5:$A$8,0)),"— chưa có kết quả") -> — chưa có kết quả
A15: Nội dung | B15: Cặp đội trên | C15: Cặp đội dưới | D15: Điểm A | E15: Điểm B | F15: Đội thắng | G15: Kiểm tra
A16: Đôi nam | B16: =IFERROR(INDEX('Đội hình'!$E$29:$E$40,MATCH($B$14&"|"&$A16,'Đội hình'!$F$29:$F$40,0))&"","") | C16: =IFERROR(INDEX('Đội hình'!$E$29:$E$40,MATCH($E$14&"|"&$A16,'Đội hình'!$F$29:$F$40,0))&"","") | F16: =IF(OR($D16="",$E16=""),"",IF($D16>$E16,$B$14,IF($E16>$D16,$E$14,"⚠ hoà"))) | G16: =IF(OR($D16="",$E16=""),"",IF(OR(AND(MAX($D16,$E16)=21,MIN($D16,$E16)<=19),AND(MAX($D16,$E16)>=22,MAX($D16,$E16)<=24,MAX($D16,$E16)-MIN($D16,$E16)=2),AND(MAX($D16,$E16)=25,MIN($D16,$E16)=24)),"✓","⚠ sai luật"))
A17: Đôi nữ | B17: =IFERROR(INDEX('Đội hình'!$E$29:$E$40,MATCH($B$14&"|"&$A17,'Đội hình'!$F$29:$F$40,0))&"","") | C17: =IFERROR(INDEX('Đội hình'!$E$29:$E$40,MATCH($E$14&"|"&$A17,'Đội hình'!$F$29:$F$40,0))&"","") | F17: =IF(OR($D17="",$E17=""),"",IF($D17>$E17,$B$14,IF($E17>$D17,$E$14,"⚠ hoà"))) | G17: =IF(OR($D17="",$E17=""),"",IF(OR(AND(MAX($D17,$E17)=21,MIN($D17,$E17)<=19),AND(MAX($D17,$E17)>=22,MAX($D17,$E17)<=24,MAX($D17,$E17)-MIN($D17,$E17)=2),AND(MAX($D17,$E17)=25,MIN($D17,$E17)=24)),"✓","⚠ sai luật"))
A18: Đôi nam nữ | B18: =IFERROR(INDEX('Đội hình'!$E$29:$E$40,MATCH($B$14&"|"&$A18,'Đội hình'!$F$29:$F$40,0))&"","") | C18: =IFERROR(INDEX('Đội hình'!$E$29:$E$40,MATCH($E$14&"|"&$A18,'Đội hình'!$F$29:$F$40,0))&"","") | F18: =IF(OR($D18="",$E18=""),"",IF($D18>$E18,$B$14,IF($E18>$D18,$E$14,"⚠ hoà"))) | G18: =IF(OR($D18="",$E18=""),"",IF(OR(AND(MAX($D18,$E18)=21,MIN($D18,$E18)<=19),AND(MAX($D18,$E18)>=22,MAX($D18,$E18)<=24,MAX($D18,$E18)-MIN($D18,$E18)=2),AND(MAX($D18,$E18)=25,MIN($D18,$E18)=24)),"✓","⚠ sai luật"))
A19: → GIẢI BA | B19: =IF(COUNTIF($F$16:$F$18,$B$14)>=2,$B$14,IF(COUNTIF($F$16:$F$18,$E$14)>=2,$E$14,"— chưa đủ 2/3 nội dung")) -> — chưa đủ 2/3 nội dung
A20: → GIẢI KHUYẾN KHÍCH | B20: =IF(COUNTIF($F$16:$F$18,$B$14)>=2,$E$14,IF(COUNTIF($F$16:$F$18,$E$14)>=2,$B$14,"— chưa đủ 2/3 nội dung")) -> — chưa đủ 2/3 nội dung
A22: Cặp đấu lấy từ khối “Đội hình vòng tranh hạng” ở sheet Đội hình. Nếu để trống khối đó thì hai cột cặp sẽ trống — điền vào rồi mới hiện tên. Mỗi nội dung vẫn đánh đúng 1 séc theo luật 21/25.

Sheet Lịch sân
A1: LỊCH THI ĐẤU — 24 TRẬN
A2: Điền Sân và Khung giờ. Cột cuối tự báo trùng sân hoặc trùng người.
A5: TT | B5: Vòng | C5: Nội dung | D5: Đội A | E5: Đội B | F5: Sân | G5: Khung giờ | H5: VĐV A1 | I5: VĐV A2 | J5: VĐV B1 | K5: VĐV B2 | L5: KT1 | M5: KT2 | N5: KT3 | O5: KT4 | P5: Cảnh báo
A6: ='Vòng loại'!$A6 -> 1 | B6: ="Loại · lượt "&'Vòng loại'!$B6 -> Loại · lượt 1 | C6: ='Vòng loại'!$E6 -> Đôi nam | D6: ='Vòng loại'!$C6 -> Đội Đỏ | E6: ='Vòng loại'!$D6 -> Đội Xanh | H6: =IFERROR(INDEX('Đội hình'!$C$13:$C$24,MATCH($D6&"|"&$C6,'Đội hình'!$F$13:$F$24,0))&"","") | I6: =IFERROR(INDEX('Đội hình'!$D$13:$D$24,MATCH($D6&"|"&$C6,'Đội hình'!$F$13:$F$24,0))&"","") | J6: =IFERROR(INDEX('Đội hình'!$C$13:$C$24,MATCH($E6&"|"&$C6,'Đội hình'!$F$13:$F$24,0))&"","") | K6: =IFERROR(INDEX('Đội hình'!$D$13:$D$24,MATCH($E6&"|"&$C6,'Đội hình'!$F$13:$F$24,0))&"","") | L6: =IF(OR($H6="",$G6=""),0,SUMPRODUCT(($G$6:$G$29=$G6)*(($H$6:$H$29=$H6)+($I$6:$I$29=$H6)+($J$6:$J$29=$H6)+($K$6:$K$29=$H6)))) -> 0 | M6: =IF(OR($I6="",$G6=""),0,SUMPRODUCT(($G$6:$G$29=$G6)*(($H$6:$H$29=$I6)+($I$6:$I$29=$I6)+($J$6:$J$29=$I6)+($K$6:$K$29=$I6)))) -> 0 | N6: =IF(OR($J6="",$G6=""),0,SUMPRODUCT(($G$6:$G$29=$G6)*(($H$6:$H$29=$J6)+($I$6:$I$29=$J6)+($J$6:$J$29=$J6)+($K$6:$K$29=$J6)))) -> 0 | O6: =IF(OR($K6="",$G6=""),0,SUMPRODUCT(($G$6:$G$29=$G6)*(($H$6:$H$29=$K6)+($I$6:$I$29=$K6)+($J$6:$J$29=$K6)+($K$6:$K$29=$K6)))) -> 0 | P6: =IF(OR($F6="",$G6=""),"",IF(SUMPRODUCT(($F$6:$F$29=$F6)*($G$6:$G$29=$G6))>1,"⚠ Trùng sân ","")&IF(MAX($L6:$O6)>1,"⚠ Trùng người",""))
A7: ='Vòng loại'!$A7 -> 2 | B7: ="Loại · lượt "&'Vòng loại'!$B7 -> Loại · lượt 1 | C7: ='Vòng loại'!$E7 -> Đôi nữ | D7: ='Vòng loại'!$C7 -> Đội Đỏ | E7: ='Vòng loại'!$D7 -> Đội Xanh | H7: =IFERROR(INDEX('Đội hình'!$C$13:$C$24,MATCH($D7&"|"&$C7,'Đội hình'!$F$13:$F$24,0))&"","") | I7: =IFERROR(INDEX('Đội hình'!$D$13:$D$24,MATCH($D7&"|"&$C7,'Đội hình'!$F$13:$F$24,0))&"","") | J7: =IFERROR(INDEX('Đội hình'!$C$13:$C$24,MATCH($E7&"|"&$C7,'Đội hình'!$F$13:$F$24,0))&"","") | K7: =IFERROR(INDEX('Đội hình'!$D$13:$D$24,MATCH($E7&"|"&$C7,'Đội hình'!$F$13:$F$24,0))&"","") | L7: =IF(OR($H7="",$G7=""),0,SUMPRODUCT(($G$6:$G$29=$G7)*(($H$6:$H$29=$H7)+($I$6:$I$29=$H7)+($J$6:$J$29=$H7)+($K$6:$K$29=$H7)))) -> 0 | M7: =IF(OR($I7="",$G7=""),0,SUMPRODUCT(($G$6:$G$29=$G7)*(($H$6:$H$29=$I7)+($I$6:$I$29=$I7)+($J$6:$J$29=$I7)+($K$6:$K$29=$I7)))) -> 0 | N7: =IF(OR($J7="",$G7=""),0,SUMPRODUCT(($G$6:$G$29=$G7)*(($H$6:$H$29=$J7)+($I$6:$I$29=$J7)+($J$6:$J$29=$J7)+($K$6:$K$29=$J7)))) -> 0 | O7: =IF(OR($K7="",$G7=""),0,SUMPRODUCT(($G$6:$G$29=$G7)*(($H$6:$H$29=$K7)+($I$6:$I$29=$K7)+($J$6:$J$29=$K7)+($K$6:$K$29=$K7)))) -> 0 | P7: =IF(OR($F7="",$G7=""),"",IF(SUMPRODUCT(($F$6:$F$29=$F7)*($G$6:$G$29=$G7))>1,"⚠ Trùng sân ","")&IF(MAX($L7:$O7)>1,"⚠ Trùng người",""))
A8: ='Vòng loại'!$A8 -> 3 | B8: ="Loại · lượt "&'Vòng loại'!$B8 -> Loại · lượt 1 | C8: ='Vòng loại'!$E8 -> Đôi nam nữ | D8: ='Vòng loại'!$C8 -> Đội Đỏ | E8: ='Vòng loại'!$D8 -> Đội Xanh | H8: =IFERROR(INDEX('Đội hình'!$C$13:$C$24,MATCH($D8&"|"&$C8,'Đội hình'!$F$13:$F$24,0))&"","") | I8: =IFERROR(INDEX('Đội hình'!$D$13:$D$24,MATCH($D8&"|"&$C8,'Đội hình'!$F$13:$F$24,0))&"","") | J8: =IFERROR(INDEX('Đội hình'!$C$13:$C$24,MATCH($E8&"|"&$C8,'Đội hình'!$F$13:$F$24,0))&"","") | K8: =IFERROR(INDEX('Đội hình'!$D$13:$D$24,MATCH($E8&"|"&$C8,'Đội hình'!$F$13:$F$24,0))&"","") | L8: =IF(OR($H8="",$G8=""),0,SUMPRODUCT(($G$6:$G$29=$G8)*(($H$6:$H$29=$H8)+($I$6:$I$29=$H8)+($J$6:$J$29=$H8)+($K$6:$K$29=$H8)))) -> 0 | M8: =IF(OR($I8="",$G8=""),0,SUMPRODUCT(($G$6:$G$29=$G8)*(($H$6:$H$29=$I8)+($I$6:$I$29=$I8)+($J$6:$J$29=$I8)+($K$6:$K$29=$I8)))) -> 0 | N8: =IF(OR($J8="",$G8=""),0,SUMPRODUCT(($G$6:$G$29=$G8)*(($H$6:$H$29=$J8)+($I$6:$I$29=$J8)+($J$6:$J$29=$J8)+($K$6:$K$29=$J8)))) -> 0 | O8: =IF(OR($K8="",$G8=""),0,SUMPRODUCT(($G$6:$G$29=$G8)*(($H$6:$H$29=$K8)+($I$6:$I$29=$K8)+($J$6:$J$29=$K8)+($K$6:$K$29=$K8)))) -> 0 | P8: =IF(OR($F8="",$G8=""),"",IF(SUMPRODUCT(($F$6:$F$29=$F8)*($G$6:$G$29=$G8))>1,"⚠ Trùng sân ","")&IF(MAX($L8:$O8)>1,"⚠ Trùng người",""))
A9: ='Vòng loại'!$A9 -> 4 | B9: ="Loại · lượt "&'Vòng loại'!$B9 -> Loại · lượt 2 | C9: ='Vòng loại'!$E9 -> Đôi nam | D9: ='Vòng loại'!$C9 -> Đội Vàng | E9: ='Vòng loại'!$D9 -> Đội Trắng | H9: =IFERROR(INDEX('Đội hình'!$C$13:$C$24,MATCH($D9&"|"&$C9,'Đội hình'!$F$13:$F$24,0))&"","") | I9: =IFERROR(INDEX('Đội hình'!$D$13:$D$24,MATCH($D9&"|"&$C9,'Đội hình'!$F$13:$F$24,0))&"","") | J9: =IFERROR(INDEX('Đội hình'!$C$13:$C$24,MATCH($E9&"|"&$C9,'Đội hình'!$F$13:$F$24,0))&"","") | K9: =IFERROR(INDEX('Đội hình'!$D$13:$D$24,MATCH($E9&"|"&$C9,'Đội hình'!$F$13:$F$24,0))&"","") | L9: =IF(OR($H9="",$G9=""),0,SUMPRODUCT(($G$6:$G$29=$G9)*(($H$6:$H$29=$H9)+($I$6:$I$29=$H9)+($J$6:$J$29=$H9)+($K$6:$K$29=$H9)))) -> 0 | M9: =IF(OR($I9="",$G9=""),0,SUMPRODUCT(($G$6:$G$29=$G9)*(($H$6:$H$29=$I9)+($I$6:$I$29=$I9)+($J$6:$J$29=$I9)+($K$6:$K$29=$I9)))) -> 0 | N9: =IF(OR($J9="",$G9=""),0,SUMPRODUCT(($G$6:$G$29=$G9)*(($H$6:$H$29=$J9)+($I$6:$I$29=$J9)+($J$6:$J$29=$J9)+($K$6:$K$29=$J9)))) -> 0 | O9: =IF(OR($K9="",$G9=""),0,SUMPRODUCT(($G$6:$G$29=$G9)*(($H$6:$H$29=$K9)+($I$6:$I$29=$K9)+($J$6:$J$29=$K9)+($K$6:$K$29=$K9)))) -> 0 | P9: =IF(OR($F9="",$G9=""),"",IF(SUMPRODUCT(($F$6:$F$29=$F9)*($G$6:$G$29=$G9))>1,"⚠ Trùng sân ","")&IF(MAX($L9:$O9)>1,"⚠ Trùng người",""))
A10: ='Vòng loại'!$A10 -> 5 | B10: ="Loại · lượt "&'Vòng loại'!$B10 -> Loại · lượt 2 | C10: ='Vòng loại'!$E10 -> Đôi nữ | D10: ='Vòng loại'!$C10 -> Đội Vàng | E10: ='Vòng loại'!$D10 -> Đội Trắng | H10: =IFERROR(INDEX('Đội hình'!$C$13:$C$24,MATCH($D10&"|"&$C10,'Đội hình'!$F$13:$F$24,0))&"","") | I10: =IFERROR(INDEX('Đội hình'!$D$13:$D$24,MATCH($D10&"|"&$C10,'Đội hình'!$F$13:$F$24,0))&"","") | J10: =IFERROR(INDEX('Đội hình'!$C$13:$C$24,MATCH($E10&"|"&$C10,'Đội hình'!$F$13:$F$24,0))&"","") | K10: =IFERROR(INDEX('Đội hình'!$D$13:$D$24,MATCH($E10&"|"&$C10,'Đội hình'!$F$13:$F$24,0))&"","") | L10: =IF(OR($H10="",$G10=""),0,SUMPRODUCT(($G$6:$G$29=$G10)*(($H$6:$H$29=$H10)+($I$6:$I$29=$H10)+($J$6:$J$29=$H10)+($K$6:$K$29=$H10)))) -> 0 | M10: =IF(OR($I10="",$G10=""),0,SUMPRODUCT(($G$6:$G$29=$G10)*(($H$6:$H$29=$I10)+($I$6:$I$29=$I10)+($J$6:$J$29=$I10)+($K$6:$K$29=$I10)))) -> 0 | N10: =IF(OR($J10="",$G10=""),0,SUMPRODUCT(($G$6:$G$29=$G10)*(($H$6:$H$29=$J10)+($I$6:$I$29=$J10)+($J$6:$J$29=$J10)+($K$6:$K$29=$J10)))) -> 0 | O10: =IF(OR($K10="",$G10=""),0,SUMPRODUCT(($G$6:$G$29=$G10)*(($H$6:$H$29=$K10)+($I$6:$I$29=$K10)+($J$6:$J$29=$K10)+($K$6:$K$29=$K10)))) -> 0 | P10: =IF(OR($F10="",$G10=""),"",IF(SUMPRODUCT(($F$6:$F$29=$F10)*($G$6:$G$29=$G10))>1,"⚠ Trùng sân ","")&IF(MAX($L10:$O10)>1,"⚠ Trùng người",""))
A11: ='Vòng loại'!$A11 -> 6 | B11: ="Loại · lượt "&'Vòng loại'!$B11 -> Loại · lượt 2 | C11: ='Vòng loại'!$E11 -> Đôi nam nữ | D11: ='Vòng loại'!$C11 -> Đội Vàng | E11: ='Vòng loại'!$D11 -> Đội Trắng | H11: =IFERROR(INDEX('Đội hình'!$C$13:$C$24,MATCH($D11&"|"&$C11,'Đội hình'!$F$13:$F$24,0))&"","") | I11: =IFERROR(INDEX('Đội hình'!$D$13:$D$24,MATCH($D11&"|"&$C11,'Đội hình'!$F$13:$F$24,0))&"","") | J11: =IFERROR(INDEX('Đội hình'!$C$13:$C$24,MATCH($E11&"|"&$C11,'Đội hình'!$F$13:$F$24,0))&"","") | K11: =IFERROR(INDEX('Đội hình'!$D$13:$D$24,MATCH($E11&"|"&$C11,'Đội hình'!$F$13:$F$24,0))&"","") | L11: =IF(OR($H11="",$G11=""),0,SUMPRODUCT(($G$6:$G$29=$G11)*(($H$6:$H$29=$H11)+($I$6:$I$29=$H11)+($J$6:$J$29=$H11)+($K$6:$K$29=$H11)))) -> 0 | M11: =IF(OR($I11="",$G11=""),0,SUMPRODUCT(($G$6:$G$29=$G11)*(($H$6:$H$29=$I11)+($I$6:$I$29=$I11)+($J$6:$J$29=$I11)+($K$6:$K$29=$I11)))) -> 0 | N11: =IF(OR($J11="",$G11=""),0,SUMPRODUCT(($G$6:$G$29=$G11)*(($H$6:$H$29=$J11)+($I$6:$I$29=$J11)+($J$6:$J$29=$J11)+($K$6:$K$29=$J11)))) -> 0 | O11: =IF(OR($K11="",$G11=""),0,SUMPRODUCT(($G$6:$G$29=$G11)*(($H$6:$H$29=$K11)+($I$6:$I$29=$K11)+($J$6:$J$29=$K11)+($K$6:$K$29=$K11)))) -> 0 | P11: =IF(OR($F11="",$G11=""),"",IF(SUMPRODUCT(($F$6:$F$29=$F11)*($G$6:$G$29=$G11))>1,"⚠ Trùng sân ","")&IF(MAX($L11:$O11)>1,"⚠ Trùng người",""))
A12: ='Vòng loại'!$A12 -> 7 | B12: ="Loại · lượt "&'Vòng loại'!$B12 -> Loại · lượt 3 | C12: ='Vòng loại'!$E12 -> Đôi nam | D12: ='Vòng loại'!$C12 -> Đội Đỏ | E12: ='Vòng loại'!$D12 -> Đội Vàng | H12: =IFERROR(INDEX('Đội hình'!$C$13:$C$24,MATCH($D12&"|"&$C12,'Đội hình'!$F$13:$F$24,0))&"","") | I12: =IFERROR(INDEX('Đội hình'!$D$13:$D$24,MATCH($D12&"|"&$C12,'Đội hình'!$F$13:$F$24,0))&"","") | J12: =IFERROR(INDEX('Đội hình'!$C$13:$C$24,MATCH($E12&"|"&$C12,'Đội hình'!$F$13:$F$24,0))&"","") | K12: =IFERROR(INDEX('Đội hình'!$D$13:$D$24,MATCH($E12&"|"&$C12,'Đội hình'!$F$13:$F$24,0))&"","") | L12: =IF(OR($H12="",$G12=""),0,SUMPRODUCT(($G$6:$G$29=$G12)*(($H$6:$H$29=$H12)+($I$6:$I$29=$H12)+($J$6:$J$29=$H12)+($K$6:$K$29=$H12)))) -> 0 | M12: =IF(OR($I12="",$G12=""),0,SUMPRODUCT(($G$6:$G$29=$G12)*(($H$6:$H$29=$I12)+($I$6:$I$29=$I12)+($J$6:$J$29=$I12)+($K$6:$K$29=$I12)))) -> 0 | N12: =IF(OR($J12="",$G12=""),0,SUMPRODUCT(($G$6:$G$29=$G12)*(($H$6:$H$29=$J12)+($I$6:$I$29=$J12)+($J$6:$J$29=$J12)+($K$6:$K$29=$J12)))) -> 0 | O12: =IF(OR($K12="",$G12=""),0,SUMPRODUCT(($G$6:$G$29=$G12)*(($H$6:$H$29=$K12)+($I$6:$I$29=$K12)+($J$6:$J$29=$K12)+($K$6:$K$29=$K12)))) -> 0 | P12: =IF(OR($F12="",$G12=""),"",IF(SUMPRODUCT(($F$6:$F$29=$F12)*($G$6:$G$29=$G12))>1,"⚠ Trùng sân ","")&IF(MAX($L12:$O12)>1,"⚠ Trùng người",""))
A13: ='Vòng loại'!$A13 -> 8 | B13: ="Loại · lượt "&'Vòng loại'!$B13 -> Loại · lượt 3 | C13: ='Vòng loại'!$E13 -> Đôi nữ | D13: ='Vòng loại'!$C13 -> Đội Đỏ | E13: ='Vòng loại'!$D13 -> Đội Vàng | H13: =IFERROR(INDEX('Đội hình'!$C$13:$C$24,MATCH($D13&"|"&$C13,'Đội hình'!$F$13:$F$24,0))&"","") | I13: =IFERROR(INDEX('Đội hình'!$D$13:$D$24,MATCH($D13&"|"&$C13,'Đội hình'!$F$13:$F$24,0))&"","") | J13: =IFERROR(INDEX('Đội hình'!$C$13:$C$24,MATCH($E13&"|"&$C13,'Đội hình'!$F$13:$F$24,0))&"","") | K13: =IFERROR(INDEX('Đội hình'!$D$13:$D$24,MATCH($E13&"|"&$C13,'Đội hình'!$F$13:$F$24,0))&"","") | L13: =IF(OR($H13="",$G13=""),0,SUMPRODUCT(($G$6:$G$29=$G13)*(($H$6:$H$29=$H13)+($I$6:$I$29=$H13)+($J$6:$J$29=$H13)+($K$6:$K$29=$H13)))) -> 0 | M13: =IF(OR($I13="",$G13=""),0,SUMPRODUCT(($G$6:$G$29=$G13)*(($H$6:$H$29=$I13)+($I$6:$I$29=$I13)+($J$6:$J$29=$I13)+($K$6:$K$29=$I13)))) -> 0 | N13: =IF(OR($J13="",$G13=""),0,SUMPRODUCT(($G$6:$G$29=$G13)*(($H$6:$H$29=$J13)+($I$6:$I$29=$J13)+($J$6:$J$29=$J13)+($K$6:$K$29=$J13)))) -> 0 | O13: =IF(OR($K13="",$G13=""),0,SUMPRODUCT(($G$6:$G$29=$G13)*(($H$6:$H$29=$K13)+($I$6:$I$29=$K13)+($J$6:$J$29=$K13)+($K$6:$K$29=$K13)))) -> 0 | P13: =IF(OR($F13="",$G13=""),"",IF(SUMPRODUCT(($F$6:$F$29=$F13)*($G$6:$G$29=$G13))>1,"⚠ Trùng sân ","")&IF(MAX($L13:$O13)>1,"⚠ Trùng người",""))
A14: ='Vòng loại'!$A14 -> 9 | B14: ="Loại · lượt "&'Vòng loại'!$B14 -> Loại · lượt 3 | C14: ='Vòng loại'!$E14 -> Đôi nam nữ | D14: ='Vòng loại'!$C14 -> Đội Đỏ | E14: ='Vòng loại'!$D14 -> Đội Vàng | H14: =IFERROR(INDEX('Đội hình'!$C$13:$C$24,MATCH($D14&"|"&$C14,'Đội hình'!$F$13:$F$24,0))&"","") | I14: =IFERROR(INDEX('Đội hình'!$D$13:$D$24,MATCH($D14&"|"&$C14,'Đội hình'!$F$13:$F$24,0))&"","") | J14: =IFERROR(INDEX('Đội hình'!$C$13:$C$24,MATCH($E14&"|"&$C14,'Đội hình'!$F$13:$F$24,0))&"","") | K14: =IFERROR(INDEX('Đội hình'!$D$13:$D$24,MATCH($E14&"|"&$C14,'Đội hình'!$F$13:$F$24,0))&"","") | L14: =IF(OR($H14="",$G14=""),0,SUMPRODUCT(($G$6:$G$29=$G14)*(($H$6:$H$29=$H14)+($I$6:$I$29=$H14)+($J$6:$J$29=$H14)+($K$6:$K$29=$H14)))) -> 0 | M14: =IF(OR($I14="",$G14=""),0,SUMPRODUCT(($G$6:$G$29=$G14)*(($H$6:$H$29=$I14)+($I$6:$I$29=$I14)+($J$6:$J$29=$I14)+($K$6:$K$29=$I14)))) -> 0 | N14: =IF(OR($J14="",$G14=""),0,SUMPRODUCT(($G$6:$G$29=$G14)*(($H$6:$H$29=$J14)+($I$6:$I$29=$J14)+($J$6:$J$29=$J14)+($K$6:$K$29=$J14)))) -> 0 | O14: =IF(OR($K14="",$G14=""),0,SUMPRODUCT(($G$6:$G$29=$G14)*(($H$6:$H$29=$K14)+($I$6:$I$29=$K14)+($J$6:$J$29=$K14)+($K$6:$K$29=$K14)))) -> 0 | P14: =IF(OR($F14="",$G14=""),"",IF(SUMPRODUCT(($F$6:$F$29=$F14)*($G$6:$G$29=$G14))>1,"⚠ Trùng sân ","")&IF(MAX($L14:$O14)>1,"⚠ Trùng người",""))
A15: ='Vòng loại'!$A15 -> 10 | B15: ="Loại · lượt "&'Vòng loại'!$B15 -> Loại · lượt 4 | C15: ='Vòng loại'!$E15 -> Đôi nam | D15: ='Vòng loại'!$C15 -> Đội Xanh | E15: ='Vòng loại'!$D15 -> Đội Trắng | H15: =IFERROR(INDEX('Đội hình'!$C$13:$C$24,MATCH($D15&"|"&$C15,'Đội hình'!$F$13:$F$24,0))&"","") | I15: =IFERROR(INDEX('Đội hình'!$D$13:$D$24,MATCH($D15&"|"&$C15,'Đội hình'!$F$13:$F$24,0))&"","") | J15: =IFERROR(INDEX('Đội hình'!$C$13:$C$24,MATCH($E15&"|"&$C15,'Đội hình'!$F$13:$F$24,0))&"","") | K15: =IFERROR(INDEX('Đội hình'!$D$13:$D$24,MATCH($E15&"|"&$C15,'Đội hình'!$F$13:$F$24,0))&"","") | L15: =IF(OR($H15="",$G15=""),0,SUMPRODUCT(($G$6:$G$29=$G15)*(($H$6:$H$29=$H15)+($I$6:$I$29=$H15)+($J$6:$J$29=$H15)+($K$6:$K$29=$H15)))) -> 0 | M15: =IF(OR($I15="",$G15=""),0,SUMPRODUCT(($G$6:$G$29=$G15)*(($H$6:$H$29=$I15)+($I$6:$I$29=$I15)+($J$6:$J$29=$I15)+($K$6:$K$29=$I15)))) -> 0 | N15: =IF(OR($J15="",$G15=""),0,SUMPRODUCT(($G$6:$G$29=$G15)*(($H$6:$H$29=$J15)+($I$6:$I$29=$J15)+($J$6:$J$29=$J15)+($K$6:$K$29=$J15)))) -> 0 | O15: =IF(OR($K15="",$G15=""),0,SUMPRODUCT(($G$6:$G$29=$G15)*(($H$6:$H$29=$K15)+($I$6:$I$29=$K15)+($J$6:$J$29=$K15)+($K$6:$K$29=$K15)))) -> 0 | P15: =IF(OR($F15="",$G15=""),"",IF(SUMPRODUCT(($F$6:$F$29=$F15)*($G$6:$G$29=$G15))>1,"⚠ Trùng sân ","")&IF(MAX($L15:$O15)>1,"⚠ Trùng người",""))
A16: ='Vòng loại'!$A16 -> 11 | B16: ="Loại · lượt "&'Vòng loại'!$B16 -> Loại · lượt 4 | C16: ='Vòng loại'!$E16 -> Đôi nữ | D16: ='Vòng loại'!$C16 -> Đội Xanh | E16: ='Vòng loại'!$D16 -> Đội Trắng | H16: =IFERROR(INDEX('Đội hình'!$C$13:$C$24,MATCH($D16&"|"&$C16,'Đội hình'!$F$13:$F$24,0))&"","") | I16: =IFERROR(INDEX('Đội hình'!$D$13:$D$24,MATCH($D16&"|"&$C16,'Đội hình'!$F$13:$F$24,0))&"","") | J16: =IFERROR(INDEX('Đội hình'!$C$13:$C$24,MATCH($E16&"|"&$C16,'Đội hình'!$F$13:$F$24,0))&"","") | K16: =IFERROR(INDEX('Đội hình'!$D$13:$D$24,MATCH($E16&"|"&$C16,'Đội hình'!$F$13:$F$24,0))&"","") | L16: =IF(OR($H16="",$G16=""),0,SUMPRODUCT(($G$6:$G$29=$G16)*(($H$6:$H$29=$H16)+($I$6:$I$29=$H16)+($J$6:$J$29=$H16)+($K$6:$K$29=$H16)))) -> 0 | M16: =IF(OR($I16="",$G16=""),0,SUMPRODUCT(($G$6:$G$29=$G16)*(($H$6:$H$29=$I16)+($I$6:$I$29=$I16)+($J$6:$J$29=$I16)+($K$6:$K$29=$I16)))) -> 0 | N16: =IF(OR($J16="",$G16=""),0,SUMPRODUCT(($G$6:$G$29=$G16)*(($H$6:$H$29=$J16)+($I$6:$I$29=$J16)+($J$6:$J$29=$J16)+($K$6:$K$29=$J16)))) -> 0 | O16: =IF(OR($K16="",$G16=""),0,SUMPRODUCT(($G$6:$G$29=$G16)*(($H$6:$H$29=$K16)+($I$6:$I$29=$K16)+($J$6:$J$29=$K16)+($K$6:$K$29=$K16)))) -> 0 | P16: =IF(OR($F16="",$G16=""),"",IF(SUMPRODUCT(($F$6:$F$29=$F16)*($G$6:$G$29=$G16))>1,"⚠ Trùng sân ","")&IF(MAX($L16:$O16)>1,"⚠ Trùng người",""))
A17: ='Vòng loại'!$A17 -> 12 | B17: ="Loại · lượt "&'Vòng loại'!$B17 -> Loại · lượt 4 | C17: ='Vòng loại'!$E17 -> Đôi nam nữ | D17: ='Vòng loại'!$C17 -> Đội Xanh | E17: ='Vòng loại'!$D17 -> Đội Trắng | H17: =IFERROR(INDEX('Đội hình'!$C$13:$C$24,MATCH($D17&"|"&$C17,'Đội hình'!$F$13:$F$24,0))&"","") | I17: =IFERROR(INDEX('Đội hình'!$D$13:$D$24,MATCH($D17&"|"&$C17,'Đội hình'!$F$13:$F$24,0))&"","") | J17: =IFERROR(INDEX('Đội hình'!$C$13:$C$24,MATCH($E17&"|"&$C17,'Đội hình'!$F$13:$F$24,0))&"","") | K17: =IFERROR(INDEX('Đội hình'!$D$13:$D$24,MATCH($E17&"|"&$C17,'Đội hình'!$F$13:$F$24,0))&"","") | L17: =IF(OR($H17="",$G17=""),0,SUMPRODUCT(($G$6:$G$29=$G17)*(($H$6:$H$29=$H17)+($I$6:$I$29=$H17)+($J$6:$J$29=$H17)+($K$6:$K$29=$H17)))) -> 0 | M17: =IF(OR($I17="",$G17=""),0,SUMPRODUCT(($G$6:$G$29=$G17)*(($H$6:$H$29=$I17)+($I$6:$I$29=$I17)+($J$6:$J$29=$I17)+($K$6:$K$29=$I17)))) -> 0 | N17: =IF(OR($J17="",$G17=""),0,SUMPRODUCT(($G$6:$G$29=$G17)*(($H$6:$H$29=$J17)+($I$6:$I$29=$J17)+($J$6:$J$29=$J17)+($K$6:$K$29=$J17)))) -> 0 | O17: =IF(OR($K17="",$G17=""),0,SUMPRODUCT(($G$6:$G$29=$G17)*(($H$6:$H$29=$K17)+($I$6:$I$29=$K17)+($J$6:$J$29=$K17)+($K$6:$K$29=$K17)))) -> 0 | P17: =IF(OR($F17="",$G17=""),"",IF(SUMPRODUCT(($F$6:$F$29=$F17)*($G$6:$G$29=$G17))>1,"⚠ Trùng sân ","")&IF(MAX($L17:$O17)>1,"⚠ Trùng người",""))
... A23: ='Vòng loại'!$A23 -> 18 | B23: ="Loại · lượt "&'Vòng loại'!$B23 -> Loại · lượt 6 | C23: ='Vòng loại'!$E23 -> Đôi nam nữ | D23: ='Vòng loại'!$C23 -> Đội Xanh | E23: ='Vòng loại'!$D23 -> Đội Vàng | H23: =IFERROR(INDEX('Đội hình'!$C$13:$C$24,MATCH($D23&"|"&$C23,'Đội hình'!$F$13:$F$24,0))&"","") | I23: =IFERROR(INDEX('Đội hình'!$D$13:$D$24,MATCH($D23&"|"&$C23,'Đội hình'!$F$13:$F$24,0))&"","") | J23: =IFERROR(INDEX('Đội hình'!$C$13:$C$24,MATCH($E23&"|"&$C23,'Đội hình'!$F$13:$F$24,0))&"","") | K23: =IFERROR(INDEX('Đội hình'!$D$13:$D$24,MATCH($E23&"|"&$C23,'Đội hình'!$F$13:$F$24,0))&"","") | L23: =IF(OR($H23="",$G23=""),0,SUMPRODUCT(($G$6:$G$29=$G23)*(($H$6:$H$29=$H23)+($I$6:$I$29=$H23)+($J$6:$J$29=$H23)+($K$6:$K$29=$H23)))) -> 0 | M23: =IF(OR($I23="",$G23=""),0,SUMPRODUCT(($G$6:$G$29=$G23)*(($H$6:$H$29=$I23)+($I$6:$I$29=$I23)+($J$6:$J$29=$I23)+($K$6:$K$29=$I23)))) -> 0 | N23: =IF(OR($J23="",$G23=""),0,SUMPRODUCT(($G$6:$G$29=$G23)*(($H$6:$H$29=$J23)+($I$6:$I$29=$J23)+($J$6:$J$29=$J23)+($K$6:$K$29=$J23)))) -> 0 | O23: =IF(OR($K23="",$G23=""),0,SUMPRODUCT(($G$6:$G$29=$G23)*(($H$6:$H$29=$K23)+($I$6:$I$29=$K23)+($J$6:$J$29=$K23)+($K$6:$K$29=$K23)))) -> 0 | P23: =IF(OR($F23="",$G23=""),"",IF(SUMPRODUCT(($F$6:$F$29=$F23)*($G$6:$G$29=$G23))>1,"⚠ Trùng sân ","")&IF(MAX($L23:$O23)>1,"⚠ Trùng người",""))
A24: 19 | B24: Tranh hạng Nhất – Nhì | C24: ='Tranh hạng'!$A7 -> Đôi nam | D24: ='Tranh hạng'!$B5 -> Đội Đỏ | E24: ='Tranh hạng'!$E5 -> Đội Xanh | H24: =IFERROR(INDEX('Đội hình'!$C$29:$C$40,MATCH($D24&"|"&$C24,'Đội hình'!$F$29:$F$40,0))&"","") | I24: =IFERROR(INDEX('Đội hình'!$D$29:$D$40,MATCH($D24&"|"&$C24,'Đội hình'!$F$29:$F$40,0))&"","") | J24: =IFERROR(INDEX('Đội hình'!$C$29:$C$40,MATCH($E24&"|"&$C24,'Đội hình'!$F$29:$F$40,0))&"","") | K24: =IFERROR(INDEX('Đội hình'!$D$29:$D$40,MATCH($E24&"|"&$C24,'Đội hình'!$F$29:$F$40,0))&"","") | L24: =IF(OR($H24="",$G24=""),0,SUMPRODUCT(($G$6:$G$29=$G24)*(($H$6:$H$29=$H24)+($I$6:$I$29=$H24)+($J$6:$J$29=$H24)+($K$6:$K$29=$H24)))) -> 0 | M24: =IF(OR($I24="",$G24=""),0,SUMPRODUCT(($G$6:$G$29=$G24)*(($H$6:$H$29=$I24)+($I$6:$I$29=$I24)+($J$6:$J$29=$I24)+($K$6:$K$29=$I24)))) -> 0 | N24: =IF(OR($J24="",$G24=""),0,SUMPRODUCT(($G$6:$G$29=$G24)*(($H$6:$H$29=$J24)+($I$6:$I$29=$J24)+($J$6:$J$29=$J24)+($K$6:$K$29=$J24)))) -> 0 | O24: =IF(OR($K24="",$G24=""),0,SUMPRODUCT(($G$6:$G$29=$G24)*(($H$6:$H$29=$K24)+($I$6:$I$29=$K24)+($J$6:$J$29=$K24)+($K$6:$K$29=$K24)))) -> 0 | P24: =IF(OR($F24="",$G24=""),"",IF(SUMPRODUCT(($F$6:$F$29=$F24)*($G$6:$G$29=$G24))>1,"⚠ Trùng sân ","")&IF(MAX($L24:$O24)>1,"⚠ Trùng người",""))
A25: 20 | B25: Tranh hạng Nhất – Nhì | C25: ='Tranh hạng'!$A8 -> Đôi nữ | D25: ='Tranh hạng'!$B5 -> Đội Đỏ | E25: ='Tranh hạng'!$E5 -> Đội Xanh | H25: =IFERROR(INDEX('Đội hình'!$C$29:$C$40,MATCH($D25&"|"&$C25,'Đội hình'!$F$29:$F$40,0))&"","") | I25: =IFERROR(INDEX('Đội hình'!$D$29:$D$40,MATCH($D25&"|"&$C25,'Đội hình'!$F$29:$F$40,0))&"","") | J25: =IFERROR(INDEX('Đội hình'!$C$29:$C$40,MATCH($E25&"|"&$C25,'Đội hình'!$F$29:$F$40,0))&"","") | K25: =IFERROR(INDEX('Đội hình'!$D$29:$D$40,MATCH($E25&"|"&$C25,'Đội hình'!$F$29:$F$40,0))&"","") | L25: =IF(OR($H25="",$G25=""),0,SUMPRODUCT(($G$6:$G$29=$G25)*(($H$6:$H$29=$H25)+($I$6:$I$29=$H25)+($J$6:$J$29=$H25)+($K$6:$K$29=$H25)))) -> 0 | M25: =IF(OR($I25="",$G25=""),0,SUMPRODUCT(($G$6:$G$29=$G25)*(($H$6:$H$29=$I25)+($I$6:$I$29=$I25)+($J$6:$J$29=$I25)+($K$6:$K$29=$I25)))) -> 0 | N25: =IF(OR($J25="",$G25=""),0,SUMPRODUCT(($G$6:$G$29=$G25)*(($H$6:$H$29=$J25)+($I$6:$I$29=$J25)+($J$6:$J$29=$J25)+($K$6:$K$29=$J25)))) -> 0 | O25: =IF(OR($K25="",$G25=""),0,SUMPRODUCT(($G$6:$G$29=$G25)*(($H$6:$H$29=$K25)+($I$6:$I$29=$K25)+($J$6:$J$29=$K25)+($K$6:$K$29=$K25)))) -> 0 | P25: =IF(OR($F25="",$G25=""),"",IF(SUMPRODUCT(($F$6:$F$29=$F25)*($G$6:$G$29=$G25))>1,"⚠ Trùng sân ","")&IF(MAX($L25:$O25)>1,"⚠ Trùng người",""))
A26: 21 | B26: Tranh hạng Nhất – Nhì | C26: ='Tranh hạng'!$A9 -> Đôi nam nữ | D26: ='Tranh hạng'!$B5 -> Đội Đỏ | E26: ='Tranh hạng'!$E5 -> Đội Xanh | H26: =IFERROR(INDEX('Đội hình'!$C$29:$C$40,MATCH($D26&"|"&$C26,'Đội hình'!$F$29:$F$40,0))&"","") | I26: =IFERROR(INDEX('Đội hình'!$D$29:$D$40,MATCH($D26&"|"&$C26,'Đội hình'!$F$29:$F$40,0))&"","") | J26: =IFERROR(INDEX('Đội hình'!$C$29:$C$40,MATCH($E26&"|"&$C26,'Đội hình'!$F$29:$F$40,0))&"","") | K26: =IFERROR(INDEX('Đội hình'!$D$29:$D$40,MATCH($E26&"|"&$C26,'Đội hình'!$F$29:$F$40,0))&"","") | L26: =IF(OR($H26="",$G26=""),0,SUMPRODUCT(($G$6:$G$29=$G26)*(($H$6:$H$29=$H26)+($I$6:$I$29=$H26)+($J$6:$J$29=$H26)+($K$6:$K$29=$H26)))) -> 0 | M26: =IF(OR($I26="",$G26=""),0,SUMPRODUCT(($G$6:$G$29=$G26)*(($H$6:$H$29=$I26)+($I$6:$I$29=$I26)+($J$6:$J$29=$I26)+($K$6:$K$29=$I26)))) -> 0 | N26: =IF(OR($J26="",$G26=""),0,SUMPRODUCT(($G$6:$G$29=$G26)*(($H$6:$H$29=$J26)+($I$6:$I$29=$J26)+($J$6:$J$29=$J26)+($K$6:$K$29=$J26)))) -> 0 | O26: =IF(OR($K26="",$G26=""),0,SUMPRODUCT(($G$6:$G$29=$G26)*(($H$6:$H$29=$K26)+($I$6:$I$29=$K26)+($J$6:$J$29=$K26)+($K$6:$K$29=$K26)))) -> 0 | P26: =IF(OR($F26="",$G26=""),"",IF(SUMPRODUCT(($F$6:$F$29=$F26)*($G$6:$G$29=$G26))>1,"⚠ Trùng sân ","")&IF(MAX($L26:$O26)>1,"⚠ Trùng người",""))
A27: 22 | B27: Tranh hạng Ba – KK | C27: ='Tranh hạng'!$A18 -> Đôi nam nữ | D27: ='Tranh hạng'!$B16 | E27: ='Tranh hạng'!$E16 -> 0 | H27: =IFERROR(INDEX('Đội hình'!$C$29:$C$40,MATCH($D27&"|"&$C27,'Đội hình'!$F$29:$F$40,0))&"","") | I27: =IFERROR(INDEX('Đội hình'!$D$29:$D$40,MATCH($D27&"|"&$C27,'Đội hình'!$F$29:$F$40,0))&"","") | J27: =IFERROR(INDEX('Đội hình'!$C$29:$C$40,MATCH($E27&"|"&$C27,'Đội hình'!$F$29:$F$40,0))&"","") | K27: =IFERROR(INDEX('Đội hình'!$D$29:$D$40,MATCH($E27&"|"&$C27,'Đội hình'!$F$29:$F$40,0))&"","") | L27: =IF(OR($H27="",$G27=""),0,SUMPRODUCT(($G$6:$G$29=$G27)*(($H$6:$H$29=$H27)+($I$6:$I$29=$H27)+($J$6:$J$29=$H27)+($K$6:$K$29=$H27)))) -> 0 | M27: =IF(OR($I27="",$G27=""),0,SUMPRODUCT(($G$6:$G$29=$G27)*(($H$6:$H$29=$I27)+($I$6:$I$29=$I27)+($J$6:$J$29=$I27)+($K$6:$K$29=$I27)))) -> 0 | N27: =IF(OR($J27="",$G27=""),0,SUMPRODUCT(($G$6:$G$29=$G27)*(($H$6:$H$29=$J27)+($I$6:$I$29=$J27)+($J$6:$J$29=$J27)+($K$6:$K$29=$J27)))) -> 0 | O27: =IF(OR($K27="",$G27=""),0,SUMPRODUCT(($G$6:$G$29=$G27)*(($H$6:$H$29=$K27)+($I$6:$I$29=$K27)+($J$6:$J$29=$K27)+($K$6:$K$29=$K27)))) -> 0 | P27: =IF(OR($F27="",$G27=""),"",IF(SUMPRODUCT(($F$6:$F$29=$F27)*($G$6:$G$29=$G27))>1,"⚠ Trùng sân ","")&IF(MAX($L27:$O27)>1,"⚠ Trùng người",""))
A28: 23 | B28: Tranh hạng Ba – KK | C28: ='Tranh hạng'!$A19 -> → GIẢI BA | D28: ='Tranh hạng'!$B16 | E28: ='Tranh hạng'!$E16 -> 0 | H28: =IFERROR(INDEX('Đội hình'!$C$29:$C$40,MATCH($D28&"|"&$C28,'Đội hình'!$F$29:$F$40,0))&"","") | I28: =IFERROR(INDEX('Đội hình'!$D$29:$D$40,MATCH($D28&"|"&$C28,'Đội hình'!$F$29:$F$40,0))&"","") | J28: =IFERROR(INDEX('Đội hình'!$C$29:$C$40,MATCH($E28&"|"&$C28,'Đội hình'!$F$29:$F$40,0))&"","") | K28: =IFERROR(INDEX('Đội hình'!$D$29:$D$40,MATCH($E28&"|"&$C28,'Đội hình'!$F$29:$F$40,0))&"","") | L28: =IF(OR($H28="",$G28=""),0,SUMPRODUCT(($G$6:$G$29=$G28)*(($H$6:$H$29=$H28)+($I$6:$I$29=$H28)+($J$6:$J$29=$H28)+($K$6:$K$29=$H28)))) -> 0 | M28: =IF(OR($I28="",$G28=""),0,SUMPRODUCT(($G$6:$G$29=$G28)*(($H$6:$H$29=$I28)+($I$6:$I$29=$I28)+($J$6:$J$29=$I28)+($K$6:$K$29=$I28)))) -> 0 | N28: =IF(OR($J28="",$G28=""),0,SUMPRODUCT(($G$6:$G$29=$G28)*(($H$6:$H$29=$J28)+($I$6:$I$29=$J28)+($J$6:$J$29=$J28)+($K$6:$K$29=$J28)))) -> 0 | O28: =IF(OR($K28="",$G28=""),0,SUMPRODUCT(($G$6:$G$29=$G28)*(($H$6:$H$29=$K28)+($I$6:$I$29=$K28)+($J$6:$J$29=$K28)+($K$6:$K$29=$K28)))) -> 0 | P28: =IF(OR($F28="",$G28=""),"",IF(SUMPRODUCT(($F$6:$F$29=$F28)*($G$6:$G$29=$G28))>1,"⚠ Trùng sân ","")&IF(MAX($L28:$O28)>1,"⚠ Trùng người",""))
A29: 24 | B29: Tranh hạng Ba – KK | C29: ='Tranh hạng'!$A20 -> → GIẢI KHUYẾN KHÍCH | D29: ='Tranh hạng'!$B16 | E29: ='Tranh hạng'!$E16 -> 0 | H29: =IFERROR(INDEX('Đội hình'!$C$29:$C$40,MATCH($D29&"|"&$C29,'Đội hình'!$F$29:$F$40,0))&"","") | I29: =IFERROR(INDEX('Đội hình'!$D$29:$D$40,MATCH($D29&"|"&$C29,'Đội hình'!$F$29:$F$40,0))&"","") | J29: =IFERROR(INDEX('Đội hình'!$C$29:$C$40,MATCH($E29&"|"&$C29,'Đội hình'!$F$29:$F$40,0))&"","") | K29: =IFERROR(INDEX('Đội hình'!$D$29:$D$40,MATCH($E29&"|"&$C29,'Đội hình'!$F$29:$F$40,0))&"","") | L29: =IF(OR($H29="",$G29=""),0,SUMPRODUCT(($G$6:$G$29=$G29)*(($H$6:$H$29=$H29)+($I$6:$I$29=$H29)+($J$6:$J$29=$H29)+($K$6:$K$29=$H29)))) -> 0 | M29: =IF(OR($I29="",$G29=""),0,SUMPRODUCT(($G$6:$G$29=$G29)*(($H$6:$H$29=$I29)+($I$6:$I$29=$I29)+($J$6:$J$29=$I29)+($K$6:$K$29=$I29)))) -> 0 | N29: =IF(OR($J29="",$G29=""),0,SUMPRODUCT(($G$6:$G$29=$G29)*(($H$6:$H$29=$J29)+($I$6:$I$29=$J29)+($J$6:$J$29=$J29)+($K$6:$K$29=$J29)))) -> 0 | O29: =IF(OR($K29="",$G29=""),0,SUMPRODUCT(($G$6:$G$29=$G29)*(($H$6:$H$29=$K29)+($I$6:$I$29=$K29)+($J$6:$J$29=$K29)+($K$6:$K$29=$K29)))) -> 0 | P29: =IF(OR($F29="",$G29=""),"",IF(SUMPRODUCT(($F$6:$F$29=$F29)*($G$6:$G$29=$G29))>1,"⚠ Trùng sân ","")&IF(MAX($L29:$O29)>1,"⚠ Trùng người",""))
A31: Khung giờ gõ dạng 08:00, 08:30… miễn các trận cùng giờ ghi giống hệt nhau. Bốn cột KT1–KT4 là cột phụ đếm xem một người có bị xếp hai trận cùng giờ không — đừng xoá. Sáu trận tranh hạng chỉ hiện tên đội sau khi vòng loại có kết quả.

Sheet Thu chi
A1: THU CHI GIẢI ĐẤU
A2: Điền Số lượng và Đơn giá. Thành tiền và tổng tự tính.
A4: CÁC KHOẢN THU
A5: Khoản thu | B5: Số lượng | C5: Đơn giá | D5: Thành tiền | E5: Ghi chú
A6: Lệ phí VĐV | B6: =COUNTIF(VĐV!$F$8:$F$47,"Rồi") -> 1 | C6: 0 | D6: =$B6*$C6 -> 0 | E6: Số lượng tự đếm từ sheet VĐV. Đơn giá CHƯA CHỐT — điền khi BTC công bố
A7: Tài trợ | B7: 1 | C7: ='Tài trợ'!$C$5 -> 0 | D7: =$B7*$C7 -> 0 | E7: Tự cộng từ sheet Tài trợ
A8: Ban tổ chức đóng góp | B8: 1 | C8: 1000000 | D8: =$B8*$C8 -> 1000000 | E8: BTC góp vào quỹ giải
A9: Quỹ tháng CLB trích | B9: 1 | C9: 0 | D9: =$B9*$C9 -> 0 | E9: Admin trích một phần quỹ tháng — điền số
A10: Khác | B10: 0 | C10: 0 | D10: =$B10*$C10 -> 0
A11: TỔNG THU | D11: =SUM($D$6:$D$10) -> 1000000
A13: CÁC KHOẢN CHI
A14: Khoản chi | B14: Số lượng | C14: Đơn giá | D14: Thành tiền | E14: Ghi chú
A15: Thuê sân | B15: 0 | C15: 0 | D15: =$B15*$C15 -> 0 | E15: Số giờ × giá mỗi giờ
A16: Cầu thi đấu | B16: 0 | C16: 0 | D16: =$B16*$C16 -> 0 | E16: Số ống × giá mỗi ống
A17: Huy chương | B17: 0 | C17: 0 | D17: =$B17*$C17 -> 0 | E17: 4 bộ cho 4 đội
A18: Cúp / kỷ niệm chương | B18: 0 | C18: 0 | D18: =$B18*$C18 -> 0
A19: Nước uống, khăn | B19: 0 | C19: 0 | D19: =$B19*$C19 -> 0
A20: Tiệc tổng kết | B20: 0 | C20: 0 | D20: =$B20*$C20 -> 0 | E20: Số người × suất
A21: In poster, banner | B21: 0 | C21: 0 | D21: =$B21*$C21 -> 0
A22: Chi phí khác | B22: 0 | C22: 0 | D22: =$B22*$C22 -> 0
A23: TỔNG CHI | D23: =SUM($D$15:$D$22) -> 0
A25: CÂN ĐỐI
A26: Tổng thu | D26: =$D$11 -> 1000000
A27: Tổng chi | D27: =$D$23 -> 0
A28: Còn lại (thu − chi) | D28: =$D$11-$D$23 -> 1000000
A29: Nếu thiếu, mỗi VĐV góp thêm | D29: =IF($D$28>=0,0,ROUNDUP(-$D$28/MAX(1,COUNTA(VĐV!$B$8:$B$47))/1000,0)*1000) -> 0 | E29: Làm tròn lên đến nghìn đồng

Sheet Tài trợ
A1: NHÀ TÀI TRỢ
A2: Điền tên và số tiền. Cột Hạng tự xếp theo số tiền đóng góp.
A4: TỔNG HỢP
A5: Tổng tiền tài trợ | C5: =SUM($C$12:$C$31) -> 0
A6: Số nhà tài trợ | C6: =COUNT($C$12:$C$31) -> 0
A7: Đang giữ hạng Kim cương | C7: =IF(COUNT($C$12:$C$31)=0,"— chưa có",INDEX($B$12:$B$31,MATCH(MAX($C$12:$C$31),$C$12:$C$31,0))) -> — chưa có
A8: Đang giữ hạng Vàng | C8: =IFERROR(INDEX($B$12:$B$31,MATCH(LARGE($C$12:$C$31,2),$C$12:$C$31,0)),"— chưa có") -> — chưa có
A10: DANH SÁCH NHÀ TÀI TRỢ
A11: STT | B11: Nhà tài trợ | C11: Số tiền | D11: Hạng (tự tính) | E11: Ghi chú
A12: =IF($B12="","",ROW()-11) | D12: =IF($C12="","",IF($C12=MAX($C$12:$C$31),"Kim cương",IF($C12=IFERROR(LARGE($C$12:$C$31,2),-1),"Vàng","Thân thiện")))
A13: =IF($B13="","",ROW()-11) | D13: =IF($C13="","",IF($C13=MAX($C$12:$C$31),"Kim cương",IF($C13=IFERROR(LARGE($C$12:$C$31,2),-1),"Vàng","Thân thiện")))
A14: =IF($B14="","",ROW()-11) | D14: =IF($C14="","",IF($C14=MAX($C$12:$C$31),"Kim cương",IF($C14=IFERROR(LARGE($C$12:$C$31,2),-1),"Vàng","Thân thiện")))
A15: =IF($B15="","",ROW()-11) | D15: =IF($C15="","",IF($C15=MAX($C$12:$C$31),"Kim cương",IF($C15=IFERROR(LARGE($C$12:$C$31,2),-1),"Vàng","Thân thiện")))
A16: =IF($B16="","",ROW()-11) | D16: =IF($C16="","",IF($C16=MAX($C$12:$C$31),"Kim cương",IF($C16=IFERROR(LARGE($C$12:$C$31,2),-1),"Vàng","Thân thiện")))
A17: =IF($B17="","",ROW()-11) | D17: =IF($C17="","",IF($C17=MAX($C$12:$C$31),"Kim cương",IF($C17=IFERROR(LARGE($C$12:$C$31,2),-1),"Vàng","Thân thiện")))
A18: =IF($B18="","",ROW()-11) | D18: =IF($C18="","",IF($C18=MAX($C$12:$C$31),"Kim cương",IF($C18=IFERROR(LARGE($C$12:$C$31,2),-1),"Vàng","Thân thiện")))
A19: =IF($B19="","",ROW()-11) | D19: =IF($C19="","",IF($C19=MAX($C$12:$C$31),"Kim cương",IF($C19=IFERROR(LARGE($C$12:$C$31,2),-1),"Vàng","Thân thiện")))
A20: =IF($B20="","",ROW()-11) | D20: =IF($C20="","",IF($C20=MAX($C$12:$C$31),"Kim cương",IF($C20=IFERROR(LARGE($C$12:$C$31,2),-1),"Vàng","Thân thiện")))
A21: =IF($B21="","",ROW()-11) | D21: =IF($C21="","",IF($C21=MAX($C$12:$C$31),"Kim cương",IF($C21=IFERROR(LARGE($C$12:$C$31,2),-1),"Vàng","Thân thiện")))
A22: =IF($B22="","",ROW()-11) | D22: =IF($C22="","",IF($C22=MAX($C$12:$C$31),"Kim cương",IF($C22=IFERROR(LARGE($C$12:$C$31,2),-1),"Vàng","Thân thiện")))
A23: =IF($B23="","",ROW()-11) | D23: =IF($C23="","",IF($C23=MAX($C$12:$C$31),"Kim cương",IF($C23=IFERROR(LARGE($C$12:$C$31,2),-1),"Vàng","Thân thiện")))
... A31: =IF($B31="","",ROW()-11) | D31: =IF($C31="","",IF($C31=MAX($C$12:$C$31),"Kim cương",IF($C31=IFERROR(LARGE($C$12:$C$31,2),-1),"Vàng","Thân thiện")))
A33: Hạng tự xếp theo số tiền: nhiều nhất là Kim cương, nhiều thứ nhì là Vàng, còn lại là Thân thiện. Nếu hai nhà tài trợ góp bằng nhau thì cùng một hạng — trường hợp đó BTC tự phân xử. Tổng tiền ở ô C5 được sheet Thu chi lấy sang mục Tài trợ.

Sheet Vinh danh
A1: VINH DANH
A2: Bốn giải lấy thẳng từ sheet Tranh hạng. Bảng lịch sử điền tay.
A4: KẾT QUẢ CHUNG CUỘC MÙA 2026
A5: Giải | B5: Đội
A6: Giải Nhất | B6: ='Tranh hạng'!$B$10 -> — chưa đủ 2/3 nội dung
A7: Giải Nhì | B7: ='Tranh hạng'!$B$11 -> — chưa đủ 2/3 nội dung
A8: Giải Ba | B8: ='Tranh hạng'!$B$19 -> — chưa đủ 2/3 nội dung
A9: Giải Khuyến khích | B9: ='Tranh hạng'!$B$20 -> — chưa đủ 2/3 nội dung
A11: VÔ ĐỊCH TỪNG NỘI DUNG (tính theo vòng loại)
A12: Nội dung | B12: Đội thắng nhiều nhất | C12: Số trận thắng | D12: ='Đội hình'!$B$5 -> Đội Đỏ | E12: ='Đội hình'!$B$6 -> Đội Xanh | F12: ='Đội hình'!$B$7 -> Đội Vàng | G12: ='Đội hình'!$B$8 -> Đội Trắng | H12: Ghi chú
A13: Đôi nam | B13: =IF($C13=0,"— chưa có kết quả",INDEX('Đội hình'!$B$5:$B$8,MATCH($C13,$D13:$G13,0))) -> Đội Đỏ | C13: =MAX($D13:$G13) -> 1 | D13: =SUMPRODUCT(('Vòng loại'!$E$6:$E$23=$A13)*('Vòng loại'!$J$6:$J$23='Đội hình'!$B$5)) -> 1 | E13: =SUMPRODUCT(('Vòng loại'!$E$6:$E$23=$A13)*('Vòng loại'!$J$6:$J$23='Đội hình'!$B$6)) -> 0 | F13: =SUMPRODUCT(('Vòng loại'!$E$6:$E$23=$A13)*('Vòng loại'!$J$6:$J$23='Đội hình'!$B$7)) -> 0 | G13: =SUMPRODUCT(('Vòng loại'!$E$6:$E$23=$A13)*('Vòng loại'!$J$6:$J$23='Đội hình'!$B$8)) -> 0
A14: Đôi nữ | B14: =IF($C14=0,"— chưa có kết quả",INDEX('Đội hình'!$B$5:$B$8,MATCH($C14,$D14:$G14,0))) -> Đội Xanh | C14: =MAX($D14:$G14) -> 1 | D14: =SUMPRODUCT(('Vòng loại'!$E$6:$E$23=$A14)*('Vòng loại'!$J$6:$J$23='Đội hình'!$B$5)) -> 0 | E14: =SUMPRODUCT(('Vòng loại'!$E$6:$E$23=$A14)*('Vòng loại'!$J$6:$J$23='Đội hình'!$B$6)) -> 1 | F14: =SUMPRODUCT(('Vòng loại'!$E$6:$E$23=$A14)*('Vòng loại'!$J$6:$J$23='Đội hình'!$B$7)) -> 0 | G14: =SUMPRODUCT(('Vòng loại'!$E$6:$E$23=$A14)*('Vòng loại'!$J$6:$J$23='Đội hình'!$B$8)) -> 0
A15: Đôi nam nữ | B15: =IF($C15=0,"— chưa có kết quả",INDEX('Đội hình'!$B$5:$B$8,MATCH($C15,$D15:$G15,0))) -> Đội Đỏ | C15: =MAX($D15:$G15) -> 1 | D15: =SUMPRODUCT(('Vòng loại'!$E$6:$E$23=$A15)*('Vòng loại'!$J$6:$J$23='Đội hình'!$B$5)) -> 1 | E15: =SUMPRODUCT(('Vòng loại'!$E$6:$E$23=$A15)*('Vòng loại'!$J$6:$J$23='Đội hình'!$B$6)) -> 0 | F15: =SUMPRODUCT(('Vòng loại'!$E$6:$E$23=$A15)*('Vòng loại'!$J$6:$J$23='Đội hình'!$B$7)) -> 0 | G15: =SUMPRODUCT(('Vòng loại'!$E$6:$E$23=$A15)*('Vòng loại'!$J$6:$J$23='Đội hình'!$B$8)) -> 0
A17: LỊCH SỬ CÁC MÙA
A18: Năm | B18: Giải Nhất | C18: Giải Nhì | D18: Giải Ba | E18: Giải Khuyến khích | F18: Số đội | G18: Số VĐV | H18: Ghi chú
A19: 2026 | B19: =$B$6 -> — chưa đủ 2/3 nội dung | C19: =$B$7 -> — chưa đủ 2/3 nội dung | D19: =$B$8 -> — chưa đủ 2/3 nội dung | E19: =$B$9 -> — chưa đủ 2/3 nội dung | F19: 4 | G19: =COUNTA(VĐV!$B$8:$B$47) -> 1 | H19: Mùa đầu ghi lại bằng file này
A28: Dòng 2026 đang lấy công thức từ bảng phía trên. Khi giải kết thúc, copy dòng đó rồi Paste Special → Values để giữ lại kết quả, sang mùa sau thêm dòng mới bên dưới.
